#,Name,Reaction,Rate Law
1,Ca binding to CamR site A,CamR + Ca -> CamR_Ca1_A,Mass action (irreversible)
2,Ca binding to CamR site B,CamR + Ca -> CamR_Ca1_B,Mass action (irreversible)
3,Ca binding to CamR site C,CamR + Ca -> CamR_Ca1_C,Mass action (irreversible)
4,Ca binding to CamR site D,CamR + Ca -> CamR_Ca1_D,Mass action (irreversible)
5,Ca dissociating from CamR_Ca1_A site A,CamR_Ca1_A -> CamR + Ca,Mass action (irreversible)
6,Ca dissociating from CamR_Ca1_B site B,CamR_Ca1_B -> CamR + Ca,Mass action (irreversible)
7,Ca dissociating from CamR_Ca1_C site C,CamR_Ca1_C -> CamR + Ca,Mass action (irreversible)
8,Ca dissociating from CamR_Ca1_D site D,CamR_Ca1_D -> CamR + Ca,Mass action (irreversible)
9,Ca binding to CamR_Ca1_A site B,CamR_Ca1_A + Ca -> CamR_Ca2_AB,Mass action (irreversible)
10,Ca binding to CamR_Ca1_A site C,CamR_Ca1_A + Ca -> CamR_Ca2_AC,Mass action (irreversible)
11,Ca binding to CamR_Ca1_A site D,CamR_Ca1_A + Ca -> CamR_Ca2_AD,Mass action (irreversible)
12,Ca binding to CamR_Ca1_B site A,CamR_Ca1_B + Ca -> CamR_Ca2_AB,Mass action (irreversible)
13,Ca binding to CamR_Ca1_B site C,CamR_Ca1_B + Ca -> CamR_Ca2_BC,Mass action (irreversible)
14,Ca binding to CamR_Ca1_B site D,CamR_Ca1_B + Ca -> CamR_Ca2_BD,Mass action (irreversible)
15,Ca binding to CamR_Ca1_C site A,CamR_Ca1_C + Ca -> CamR_Ca2_AC,Mass action (irreversible)
16,Ca binding to CamR_Ca1_C site B,CamR_Ca1_C + Ca -> CamR_Ca2_BC,Mass action (irreversible)
17,Ca binding to CamR_Ca1_C site D,CamR_Ca1_C + Ca -> CamR_Ca2_CD,Mass action (irreversible)
18,Ca binding to CamR_Ca1_D site A,CamR_Ca1_D + Ca -> CamR_Ca2_AD,Mass action (irreversible)
19,Ca binding to CamR_Ca1_D site B,CamR_Ca1_D + Ca -> CamR_Ca2_BD,Mass action (irreversible)
20,Ca binding to CamR_Ca1_D site C,CamR_Ca1_D + Ca -> CamR_Ca2_CD,Mass action (irreversible)
21,Ca dissociating from CamR_Ca2_AB site B,CamR_Ca2_AB -> CamR_Ca1_A + Ca,Mass action (irreversible)
22,Ca dissociating from CamR_Ca2_AC site C,CamR_Ca2_AC -> CamR_Ca1_A + Ca,Mass action (irreversible)
23,Ca dissociating from CamR_Ca2_AD site D,CamR_Ca2_AD -> CamR_Ca1_A + Ca,Mass action (irreversible)
24,Ca dissociating from CamR_Ca2_AB site A,CamR_Ca2_AB -> CamR_Ca1_B + Ca,Mass action (irreversible)
25,Ca dissociating from CamR_Ca2_BC site C,CamR_Ca2_BC -> CamR_Ca1_B + Ca,Mass action (irreversible)
26,Ca dissociating from CamR_Ca2_BD site D,CamR_Ca2_BD -> CamR_Ca1_B + Ca,Mass action (irreversible)
27,Ca dissociating from CamR_Ca2_AC site A,CamR_Ca2_AC -> CamR_Ca1_C + Ca,Mass action (irreversible)
28,Ca dissociating from CamR_Ca2_BC site B,CamR_Ca2_BC -> CamR_Ca1_C + Ca,Mass action (irreversible)
29,Ca dissociating from CamR_Ca2_CD site D,CamR_Ca2_CD -> CamR_Ca1_C + Ca,Mass action (irreversible)
30,Ca dissociating from CamR_Ca2_AD site A,CamR_Ca2_AD -> CamR_Ca1_D + Ca,Mass action (irreversible)
31,Ca dissociating from CamR_Ca2_BD site B,CamR_Ca2_BD -> CamR_Ca1_D + Ca,Mass action (irreversible)
32,Ca dissociating from CamR_Ca2_CD site C,CamR_Ca2_CD -> CamR_Ca1_D + Ca,Mass action (irreversible)
33,Ca binding to CamR_Ca2_AB site C,CamR_Ca2_AB + Ca -> CamR_Ca3_ABC,Mass action (irreversible)
34,Ca binding to CamR_Ca2_AB site D,CamR_Ca2_AB + Ca -> CamR_Ca3_ABD,Mass action (irreversible)
35,Ca binding to CamR_Ca2_AC site B,CamR_Ca2_AC + Ca -> CamR_Ca3_ABC,Mass action (irreversible)
36,Ca binding to CamR_Ca2_AC site D,CamR_Ca2_AC + Ca -> CamR_Ca3_ACD,Mass action (irreversible)
37,Ca binding to CamR_Ca2_AD site B,CamR_Ca2_AD + Ca -> CamR_Ca3_ABD,Mass action (irreversible)
38,Ca binding to CamR_Ca2_AD site C,CamR_Ca2_AD + Ca -> CamR_Ca3_ACD,Mass action (irreversible)
39,Ca binding to CamR_Ca2_BC site A,CamR_Ca2_BC + Ca -> CamR_Ca3_ABC,Mass action (irreversible)
40,Ca binding to CamR_Ca2_BC site D,CamR_Ca2_BC + Ca -> CamR_Ca3_BCD,Mass action (irreversible)
41,Ca binding to CamR_Ca2_BD site A,CamR_Ca2_BD + Ca -> CamR_Ca3_ABD,Mass action (irreversible)
42,Ca binding to CamR_Ca2_BD site C,CamR_Ca2_BD + Ca -> CamR_Ca3_BCD,Mass action (irreversible)
43,Ca binding to CamR_Ca2_CD site A,CamR_Ca2_CD + Ca -> CamR_Ca3_ACD,Mass action (irreversible)
44,Ca binding to CamR_Ca2_CD site B,CamR_Ca2_CD + Ca -> CamR_Ca3_BCD,Mass action (irreversible)
45,Ca dissociating from CamR_Ca3_ABC site A,CamR_Ca3_ABC -> CamR_Ca2_BC + Ca,Mass action (irreversible)
46,Ca dissociating from CamR_Ca3_ABC site B,CamR_Ca3_ABC -> CamR_Ca2_AC + Ca,Mass action (irreversible)
47,Ca dissociating from CamR_Ca3_ABC site C,CamR_Ca3_ABC -> CamR_Ca2_AB + Ca,Mass action (irreversible)
48,Ca dissociating from CamR_Ca3_ABD site A,CamR_Ca3_ABD -> CamR_Ca2_BD + Ca,Mass action (irreversible)
49,Ca dissociating from CamR_Ca3_ABD site B,CamR_Ca3_ABD -> CamR_Ca2_AD + Ca,Mass action (irreversible)
50,Ca dissociating from CamR_Ca3_ABD site D,CamR_Ca3_ABD -> CamR_Ca2_AB + Ca,Mass action (irreversible)
51,Ca dissociating from CamR_Ca3_ACD site A,CamR_Ca3_ACD -> CamR_Ca2_CD + Ca,Mass action (irreversible)
52,Ca dissociating from CamR_Ca3_ACD site C,CamR_Ca3_ACD -> CamR_Ca2_AD + Ca,Mass action (irreversible)
53,Ca dissociating from CamR_Ca3_ACD site D,CamR_Ca3_ACD -> CamR_Ca2_AC + Ca,Mass action (irreversible)
54,Ca dissociating from CamR_Ca3_BCD site B,CamR_Ca3_BCD -> CamR_Ca2_CD + Ca,Mass action (irreversible)
55,Ca dissociating from CamR_Ca3_BCD site C,CamR_Ca3_BCD -> CamR_Ca2_BD + Ca,Mass action (irreversible)
56,Ca dissociating from CamR_Ca3_BCD site D,CamR_Ca3_BCD -> CamR_Ca2_BC + Ca,Mass action (irreversible)
57,Ca binding to CamR_Ca3_ABC site D,CamR_Ca3_ABC + Ca -> CamR_Ca4_ABCD,Mass action (irreversible)
58,Ca binding to CamR_Ca3_ABD site C,CamR_Ca3_ABD + Ca -> CamR_Ca4_ABCD,Mass action (irreversible)
59,Ca binding to CamR_Ca3_ACD site B,CamR_Ca3_ACD + Ca -> CamR_Ca4_ABCD,Mass action (irreversible)
60,Ca binding to CamR_Ca3_BCD site A,CamR_Ca3_BCD + Ca -> CamR_Ca4_ABCD,Mass action (irreversible)
61,Ca dissociating from CamR_Ca4_ABCD site D,CamR_Ca4_ABCD -> CamR_Ca3_ABC + Ca,Mass action (irreversible)
62,Ca dissociating from CamR_Ca4_ABCD site C,CamR_Ca4_ABCD -> CamR_Ca3_ABD + Ca,Mass action (irreversible)
63,Ca dissociating from CamR_Ca4_ABCD site B,CamR_Ca4_ABCD -> CamR_Ca3_ACD + Ca,Mass action (irreversible)
64,Ca dissociating from CamR_Ca4_ABCD site A,CamR_Ca4_ABCD -> CamR_Ca3_BCD + Ca,Mass action (irreversible)
65,Ca binding to camT site A,CamT + Ca -> CamT_Ca1_A,Mass action (irreversible)
66,Ca binding to camT site B,CamT + Ca -> CamT_Ca1_B,Mass action (irreversible)
67,Ca binding to camT site C,CamT + Ca -> CamT_Ca1_C,Mass action (irreversible)
68,Ca binding to camT site D,CamT + Ca -> CamT_Ca1_D,Mass action (irreversible)
69,Ca dissociating from camT_ca1_A site A,CamT_Ca1_A -> CamT + Ca,Mass action (irreversible)
70,Ca dissociating from camT_ca1_B site B,CamT_Ca1_B -> CamT + Ca,Mass action (irreversible)
71,Ca dissociating from camT_ca1_C site C,CamT_Ca1_C -> CamT + Ca,Mass action (irreversible)
72,Ca dissociating from camT_ca1_D site D,CamT_Ca1_D -> CamT + Ca,Mass action (irreversible)
73,Ca binding to camT_ca1_A site B,CamT_Ca1_A + Ca -> CamT_Ca2_AB,Mass action (irreversible)
74,Ca binding to camT_ca1_A site C,CamT_Ca1_A + Ca -> CamT_Ca2_AC,Mass action (irreversible)
75,Ca binding to camT_ca1_A site D,CamT_Ca1_A + Ca -> CamT_Ca2_AD,Mass action (irreversible)
76,Ca binding to camT_ca1_B site A,CamT_Ca1_B + Ca -> CamT_Ca2_AB,Mass action (irreversible)
77,Ca binding to camT_ca1_B site C,CamT_Ca1_B + Ca -> CamT_Ca2_BC,Mass action (irreversible)
78,Ca binding to camT_ca1_B site D,CamT_Ca1_B + Ca -> CamT_Ca2_BD,Mass action (irreversible)
79,Ca binding to camT_ca1_C site A,CamT_Ca1_C + Ca -> CamT_Ca2_AC,Mass action (irreversible)
80,Ca binding to camT_ca1_C site B,CamT_Ca1_C + Ca -> CamT_Ca2_BC,Mass action (irreversible)
81,Ca binding to CamT_ca1_C site D,CamT_Ca1_C + Ca -> CamT_Ca2_CD,Mass action (irreversible)
82,Ca binding to CamT_ca1_D site A,CamT_Ca1_D + Ca -> CamT_Ca2_AD,Mass action (irreversible)
83,Ca binding to CamT_ca1_D site B,CamT_Ca1_D + Ca -> CamT_Ca2_BD,Mass action (irreversible)
84,Ca binding to CamT_ca1_D site C,CamT_Ca1_D + Ca -> CamT_Ca2_CD,Mass action (irreversible)
85,Ca dissociating from CamT_ca2_AB site A,CamT_Ca2_AB -> CamT_Ca1_B + Ca,Mass action (irreversible)
86,Ca dissociating from CamT_ca2_AB site B,CamT_Ca2_AB -> CamT_Ca1_A + Ca,Mass action (irreversible)
87,Ca dissociating from CamT_ca2_AC site A,CamT_Ca2_AC -> CamT_Ca1_C + Ca,Mass action (irreversible)
88,Ca dissociating from CamT_ca2_AC site C,CamT_Ca2_AC -> CamT_Ca1_A + Ca,Mass action (irreversible)
89,Ca dissociating from CamT_ca2_AD site A,CamT_Ca2_AD -> CamT_Ca1_D + Ca,Mass action (irreversible)
90,Ca dissociating from CamT_ca2_AD site D,CamT_Ca2_AD -> CamT_Ca1_A + Ca,Mass action (irreversible)
91,Ca dissociating from CamT_ca2_BC site B,CamT_Ca2_BC -> CamT_Ca1_C + Ca,Mass action (irreversible)
92,Ca dissociating from CamT_ca2_BC site C,CamT_Ca2_BC -> CamT_Ca1_B + Ca,Mass action (irreversible)
93,Ca dissociating from CamT_ca2_BD site B,CamT_Ca2_BD -> CamT_Ca1_D + Ca,Mass action (irreversible)
94,Ca dissociating from CamT_ca2_BD site D,CamT_Ca2_BD -> CamT_Ca1_B + Ca,Mass action (irreversible)
95,Ca dissociating from CamT_ca2_CD site C,CamT_Ca2_CD -> CamT_Ca1_D + Ca,Mass action (irreversible)
96,Ca dissociating from CamT_ca2_CD site D,CamT_Ca2_CD -> CamT_Ca1_C + Ca,Mass action (irreversible)
97,Ca binding to CamT_ca2_AB site C,CamT_Ca2_AB + Ca -> CamT_Ca3_ABC,Mass action (irreversible)
98,Ca binding to CamT_ca2_AB site D,CamT_Ca2_AB + Ca -> CamT_Ca3_ABD,Mass action (irreversible)
99,Ca binding to CamT_ca2_AC site B,CamT_Ca2_AC + Ca -> CamT_Ca3_ABC,Mass action (irreversible)
100,Ca binding to CamT_ca2_AC site D,CamT_Ca2_AC + Ca -> CamT_Ca3_ACD,Mass action (irreversible)
101,Ca binding to CamT_Ca2_AD site B,CamT_Ca2_AD + Ca -> CamT_Ca3_ABD,Mass action (irreversible)
102,Ca binding to CamT_Ca2_AD site C,CamT_Ca2_AD + Ca -> CamT_Ca3_ACD,Mass action (irreversible)
103,Ca binding to CamT_Ca2_BC site A,CamT_Ca2_BC + Ca -> CamT_Ca3_ABC,Mass action (irreversible)
104,Ca binding to CamT_Ca2_BC site D,CamT_Ca2_BC + Ca -> CamT_Ca3_BCD,Mass action (irreversible)
105,Ca binding to CamT_Ca2_BD site A,CamT_Ca2_BD + Ca -> CamT_Ca3_ABD,Mass action (irreversible)
106,Ca binding to CamT_Ca2_BD site C,CamT_Ca2_BD + Ca -> CamT_Ca3_BCD,Mass action (irreversible)
107,Ca binding to CamT_Ca2_CD site A,CamT_Ca2_CD + Ca -> CamT_Ca3_ACD,Mass action (irreversible)
108,Ca binding to CamT_Ca2_CD site B,CamT_Ca2_CD + Ca -> CamT_Ca3_BCD,Mass action (irreversible)
109,Ca dissociating from CamT_Ca3_ABC site B,CamT_Ca3_ABC -> CamT_Ca2_AC + Ca,Mass action (irreversible)
110,Ca dissociating from CamT_Ca3_ABC site A,CamT_Ca3_ABC -> CamT_Ca2_BC + Ca,Mass action (irreversible)
111,Ca dissociating from CamT_Ca3_ABD site D,CamT_Ca3_ABD -> CamT_Ca2_AB + Ca,Mass action (irreversible)
112,Ca dissociating from CamT_Ca3_ABD site B,CamT_Ca3_ABD -> CamT_Ca2_AD + Ca,Mass action (irreversible)
113,Ca dissociating from CamT_Ca3_ABD site A,CamT_Ca3_ABD -> CamT_Ca2_BD + Ca,Mass action (irreversible)
114,Ca dissociating from CamT_Ca3_ACD site D,CamT_Ca3_ACD -> CamT_Ca2_AC + Ca,Mass action (irreversible)
115,Ca dissociating from CamT_Ca3_ACD site C,CamT_Ca3_ACD -> CamT_Ca2_AD + Ca,Mass action (irreversible)
116,Ca dissociating from CamT_Ca3_ACD site A,CamT_Ca3_ACD -> CamT_Ca2_CD + Ca,Mass action (irreversible)
117,Ca dissociating from CamT_Ca3_BCD site D,CamT_Ca3_BCD -> CamT_Ca2_BC + Ca,Mass action (irreversible)
118,Ca dissociating from CamT_Ca3_BCD site C,CamT_Ca3_BCD -> CamT_Ca2_BD + Ca,Mass action (irreversible)
119,Ca dissociating from CamT_Ca3_BCD site B,CamT_Ca3_BCD -> CamT_Ca2_CD + Ca,Mass action (irreversible)
120,Ca binding to CamT_Ca3_ABC site D,CamT_Ca3_ABC + Ca -> CamT_Ca4_ABCD,Mass action (irreversible)
121,Ca binding to CamT_Ca3_ABD site C,CamT_Ca3_ABD + Ca -> CamT_Ca4_ABCD,Mass action (irreversible)
122,Ca binding to CamT_Ca3_ACD site B,CamT_Ca3_ACD + Ca -> CamT_Ca4_ABCD,Mass action (irreversible)
123,Ca binding to CamT_Ca3_BCD site A,CamT_Ca3_BCD + Ca -> CamT_Ca4_ABCD,Mass action (irreversible)
124,Ca dissociating from CamT_Ca4_ABCD site D,CamT_Ca4_ABCD -> CamT_Ca3_ABC + Ca,Mass action (irreversible)
125,Ca dissociating from CamT_Ca4_ABCD site C,CamT_Ca4_ABCD -> CamT_Ca3_ABD + Ca,Mass action (irreversible)
126,Ca dissociating from CamT_Ca4_ABCD site B,CamT_Ca4_ABCD -> CamT_Ca3_ACD + Ca,Mass action (irreversible)
127,Ca dissociating from CamT_Ca4_ABCD site A,CamT_Ca4_ABCD -> CamT_Ca3_BCD + Ca,Mass action (irreversible)
128,Transition CamR to CamT,CamR -> CamT,Mass action (irreversible)
129,Transition CamT to CamR,CamT -> CamR,Mass action (irreversible)
130,Transition CamR_Ca1_A to CamT_Ca1_A,CamR_Ca1_A -> CamT_Ca1_A,Mass action (irreversible)
131,Transition CamR_Ca1_B to CamT_Ca1_B,CamR_Ca1_B -> CamT_Ca1_B,Mass action (irreversible)
132,Transition CamR_Ca1_C to CamT_Ca1_C,CamR_Ca1_C -> CamT_Ca1_C,Mass action (irreversible)
133,Transition CamR_Ca1_D to CamT_Ca1_D,CamR_Ca1_D -> CamT_Ca1_D,Mass action (irreversible)
134,Transition CamT_Ca1_A to CamR_Ca1_A,CamT_Ca1_A -> CamR_Ca1_A,Mass action (irreversible)
135,Transition CamT_Ca1_B to CamR_Ca1_B,CamT_Ca1_B -> CamR_Ca1_B,Mass action (irreversible)
136,Transition CamT_Ca1_C to CamR_Ca1_C,CamT_Ca1_C -> CamR_Ca1_C,Mass action (irreversible)
137,Transition CamT_Ca1_D to CamR_Ca1_D,CamT_Ca1_D -> CamR_Ca1_D,Mass action (irreversible)
138,Transition CamR_Ca2_AB to CamT_Ca2_AB,CamR_Ca2_AB -> CamT_Ca2_AB,Mass action (irreversible)
139,Transition CamR_Ca2_AC to CamT_Ca2_AC,CamR_Ca2_AC -> CamT_Ca2_AC,Mass action (irreversible)
140,Transition CamR_Ca2_AD to CamT_Ca2_AD,CamR_Ca2_AD -> CamT_Ca2_AD,Mass action (irreversible)
141,Transition CamR_Ca2_BC to CamT_Ca2_BC,CamR_Ca2_BC -> CamT_Ca2_BC,Mass action (irreversible)
142,Transition CamR_Ca2_BD to CamT_Ca2_BD,CamR_Ca2_BD -> CamT_Ca2_BD,Mass action (irreversible)
143,Transition CamR_Ca2_CD to CamT_Ca2_CD,CamR_Ca2_CD -> CamT_Ca2_CD,Mass action (irreversible)
144,Transition CamT_Ca2_AB to CamR_Ca2_AB,CamT_Ca2_AB -> CamR_Ca2_AB,Mass action (irreversible)
145,Transition CamT_Ca2_AC to CamR_Ca2_AC,CamT_Ca2_AC -> CamR_Ca2_AC,Mass action (irreversible)
146,Transition CamT_Ca2_AD to CamR_Ca2_AD,CamT_Ca2_AD -> CamR_Ca2_AD,Mass action (irreversible)
147,Transition CamT_Ca2_BC to CamR_Ca2_BC,CamT_Ca2_BC -> CamR_Ca2_BC,Mass action (irreversible)
148,Transition CamT_Ca2_BD to CamR_Ca2_BD,CamT_Ca2_BD -> CamR_Ca2_BD,Mass action (irreversible)
149,Transition CamT_Ca2_CD to CamR_Ca2_CD,CamT_Ca2_CD -> CamR_Ca2_CD,Mass action (irreversible)
150,Transition CamR_Ca3_ABC to CamT_Ca3_ABC,CamR_Ca3_ABC -> CamT_Ca3_ABC,Mass action (irreversible)
151,Transition CamR_Ca3_ABD to CamT_Ca3_ABD,CamR_Ca3_ABD -> CamT_Ca3_ABD,Mass action (irreversible)
152,Transition CamR_Ca3_ACD to CamT_Ca3_ACD,CamR_Ca3_ACD -> CamT_Ca3_ACD,Mass action (irreversible)
153,Transition CamR_Ca3_BCD to CamT_Ca3_BCD,CamR_Ca3_BCD -> CamT_Ca3_BCD,Mass action (irreversible)
154,Transition CamT_Ca3_ABC to CamR_Ca3_ABC,CamT_Ca3_ABC -> CamR_Ca3_ABC,Mass action (irreversible)
155,Transition CamT_Ca3_ABD to CamR_Ca3_ABD,CamT_Ca3_ABD -> CamR_Ca3_ABD,Mass action (irreversible)
156,Transition CamT_Ca3_ACD to CamR_Ca3_ACD,CamT_Ca3_ACD -> CamR_Ca3_ACD,Mass action (irreversible)
157,Transition CamT_Ca3_BCD to CamR_Ca3_BCD,CamT_Ca3_BCD -> CamR_Ca3_BCD,Mass action (irreversible)
158,Transition CamR_Ca4_ABCD to CamT_Ca4_ABCD,CamR_Ca4_ABCD -> CamT_Ca4_ABCD,Mass action (irreversible)
159,Transition CamT_Ca4_ABCD to CamR_Ca4_ABCD,CamT_Ca4_ABCD -> CamR_Ca4_ABCD,Mass action (irreversible)
160,CamKII binding to CamR,CamR + CaMKII -> CamR_CaMKII,Mass action (irreversible)
161,CamKII binding to CamR_Ca1_A,CamR_Ca1_A + CaMKII -> CamR_Ca1_A_CaMKII,Mass action (irreversible)
162,CamKII binding to CamR_Ca1_B,CamR_Ca1_B + CaMKII -> CamR_Ca1_B_CaMKII,Mass action (irreversible)
163,CamKII binding to CamR_Ca1_C,CamR_Ca1_C + CaMKII -> CamR_Ca1_C_CaMKII,Mass action (irreversible)
164,CamKII binding to CamR_Ca1_D,CamR_Ca1_D + CaMKII -> CamR_Ca1_D_CaMKII,Mass action (irreversible)
165,CamKII binding to CamR_Ca2_AB,CamR_Ca2_AB + CaMKII -> CamR_Ca2_AB_CaMKII,Mass action (irreversible)
166,CamKII binding to CamR_Ca2_AC,CamR_Ca2_AC + CaMKII -> CamR_Ca2_AC_CaMKII,Mass action (irreversible)
167,CamKII binding to CamR_Ca2_AD,CamR_Ca2_AD + CaMKII -> CamR_Ca2_AD_CaMKII,Mass action (irreversible)
168,CamKII binding to CamR_Ca2_BC,CamR_Ca2_BC + CaMKII -> CamR_Ca2_BC_CaMKII,Mass action (irreversible)
169,CamKII binding to CamR_Ca2_BD,CamR_Ca2_BD + CaMKII -> CamR_Ca2_BD_CaMKII,Mass action (irreversible)
170,CamKII binding to CamR_Ca2_CD,CamR_Ca2_CD + CaMKII -> CamR_Ca2_CD_CaMKII,Mass action (irreversible)
171,CamKII binding to CamR_Ca3_ABC,CamR_Ca3_ABC + CaMKII -> CamR_Ca3_ABC_CaMKII,Mass action (irreversible)
172,CamKII binding to CamR_Ca3_ABD,CamR_Ca3_ABD + CaMKII -> CamR_Ca3_ABD_CaMKII,Mass action (irreversible)
173,CamKII binding to CamR_Ca3_ACD,CamR_Ca3_ACD + CaMKII -> CamR_Ca3_ACD_CaMKII,Mass action (irreversible)
174,CamKII binding to CamR_Ca3_BCD,CamR_Ca3_BCD + CaMKII -> CamR_Ca3_BCD_CaMKII,Mass action (irreversible)
175,CamKII binding to CamR_Ca4_ABCD,CamR_Ca4_ABCD + CaMKII -> CamR_Ca4_ABCD_CaMKII,Mass action (irreversible)
176,CamKII dissociating from CamR,CamR_CaMKII -> CamR + CaMKII,Mass action (irreversible)
177,CamKII dissociating from CamR_Ca1_A,CamR_Ca1_A_CaMKII -> CamR_Ca1_A + CaMKII,Mass action (irreversible)
178,CamKII dissociating from CamR_Ca1_B,CamR_Ca1_B_CaMKII -> CamR_Ca1_B + CaMKII,Mass action (irreversible)
179,CamKII dissociating from CamR_Ca1_C,CamR_Ca1_C_CaMKII -> CamR_Ca1_C + CaMKII,Mass action (irreversible)
180,CamKII dissociating from CamR_Ca1_D,CamR_Ca1_D_CaMKII -> CamR_Ca1_D + CaMKII,Mass action (irreversible)
181,CamKII dissociating from CamR_Ca2_AB,CamR_Ca2_AB_CaMKII -> CamR_Ca2_AB + CaMKII,Mass action (irreversible)
182,CamKII dissociating from CamR_Ca2_AC,CamR_Ca2_AC_CaMKII -> CamR_Ca2_AC + CaMKII,Mass action (irreversible)
183,CamKII dissociating from CamR_Ca2_AD,CamR_Ca2_AD_CaMKII -> CamR_Ca2_AD + CaMKII,Mass action (irreversible)
184,CamKII dissociating from CamR_Ca2_BC,CamR_Ca2_BC_CaMKII -> CamR_Ca2_BC + CaMKII,Mass action (irreversible)
185,CamKII dissociating from CamR_Ca2_BD,CamR_Ca2_BD_CaMKII -> CamR_Ca2_BD + CaMKII,Mass action (irreversible)
186,CamKII dissociating from CamR_Ca2_CD,CamR_Ca2_CD_CaMKII -> CamR_Ca2_CD + CaMKII,Mass action (irreversible)
187,CamKII dissociating from CamR_Ca3_ABC,CamR_Ca3_ABC_CaMKII -> CamR_Ca3_ABC + CaMKII,Mass action (irreversible)
188,CamKII dissociating from CamR_Ca3_ABD,CamR_Ca3_ABD_CaMKII -> CamR_Ca3_ABD + CaMKII,Mass action (irreversible)
189,CamKII dissociating from CamR_Ca3_ACD,CamR_Ca3_ACD_CaMKII -> CamR_Ca3_ACD + CaMKII,Mass action (irreversible)
190,CamKII dissociating from CamR_Ca3_BCD,CamR_Ca3_BCD_CaMKII -> CamR_Ca3_BCD + CaMKII,Mass action (irreversible)
191,CamKII dissociating from CamR_Ca4_ABCD,CamR_Ca4_ABCD_CaMKII -> CamR_Ca4_ABCD + CaMKII,Mass action (irreversible)
192,PP2B binding to CamR,CamR + PP2B -> CamR_PP2B,Mass action (irreversible)
193,PP2B binding to CamR_Ca1_A,CamR_Ca1_A + PP2B -> CamR_Ca1_A_PP2B,Mass action (irreversible)
194,PP2B binding to CamR_Ca1_B,CamR_Ca1_B + PP2B -> CamR_Ca1_B_PP2B,Mass action (irreversible)
195,PP2B binding to CamR_Ca1_C,CamR_Ca1_C + PP2B -> CamR_Ca1_C_PP2B,Mass action (irreversible)
196,PP2B binding to CamR_Ca1_D,CamR_Ca1_D + PP2B -> CamR_Ca1_D_PP2B,Mass action (irreversible)
197,PP2B binding to CamR_Ca2_AB,CamR_Ca2_AB + PP2B -> CamR_Ca2_AB_PP2B,Mass action (irreversible)
198,PP2B binding to CamR_Ca2_AD,CamR_Ca2_AD + PP2B -> CamR_Ca2_AD_PP2B,Mass action (irreversible)
199,PP2B binding to CamR_Ca2_BC,CamR_Ca2_BC + PP2B -> CamR_Ca2_BC_PP2B,Mass action (irreversible)
200,PP2B binding to CamR_Ca2_BD,CamR_Ca2_BD + PP2B -> CamR_Ca2_BD_PP2B,Mass action (irreversible)
201,PP2B binding to CamR_Ca2_CD,CamR_Ca2_CD + PP2B -> CamR_Ca2_CD_PP2B,Mass action (irreversible)
202,PP2B binding to CamR_Ca3_ABC,CamR_Ca3_ABC + PP2B -> CamR_Ca3_ABC_PP2B,Mass action (irreversible)
203,PP2B binding to CamR_Ca3_ABD,CamR_Ca3_ABD + PP2B -> CamR_Ca3_ABD_PP2B,Mass action (irreversible)
204,PP2B binding to CamR_Ca3_ACD,CamR_Ca3_ACD + PP2B -> CamR_Ca3_ACD_PP2B,Mass action (irreversible)
205,PP2B binding to CamR_Ca3_BCD,CamR_Ca3_BCD + PP2B -> CamR_Ca3_BCD_PP2B,Mass action (irreversible)
206,PP2B binding to CamR_Ca4_ABCD,CamR_Ca4_ABCD + PP2B -> CamR_Ca4_ABCD_PP2B,Mass action (irreversible)
207,PP2B dissociating from CamR,CamR_PP2B -> CamR + PP2B,Mass action (irreversible)
208,PP2B dissociating from CamR_Ca1_A,CamR_Ca1_A_PP2B -> CamR_Ca1_A + PP2B,Mass action (irreversible)
209,PP2B dissociating from CamR_Ca1_B,CamR_Ca1_B_PP2B -> CamR_Ca1_B + PP2B,Mass action (irreversible)
210,PP2B dissociating from CamR_Ca1_C,CamR_Ca1_C_PP2B -> CamR_Ca1_C + PP2B,Mass action (irreversible)
211,PP2B dissociating from CamR_Ca1_D,CamR_Ca1_D_PP2B -> CamR_Ca1_D + PP2B,Mass action (irreversible)
212,PP2B dissociating from CamR_Ca2_AB,CamR_Ca2_AB_PP2B -> CamR_Ca2_AB + PP2B,Mass action (irreversible)
213,PP2B dissociating from CamR_Ca2_AC,CamR_Ca2_AC_PP2B -> CamR_Ca2_AC + PP2B,Mass action (irreversible)
214,PP2B dissociating from CamR_Ca2_AD,CamR_Ca2_AD_PP2B -> CamR_Ca2_AD + PP2B,Mass action (irreversible)
215,PP2B dissociating from CamR_Ca2_BC,CamR_Ca2_BC_PP2B -> CamR_Ca2_BC + PP2B,Mass action (irreversible)
216,PP2B dissociating from CamR_Ca2_BD,CamR_Ca2_BD_PP2B -> CamR_Ca2_BD + PP2B,Mass action (irreversible)
217,PP2B dissociating from CamR_Ca2_CD,CamR_Ca2_CD_PP2B -> CamR_Ca2_CD + PP2B,Mass action (irreversible)
218,PP2B dissociating from CamR_Ca3_ABC,CamR_Ca3_ABC_PP2B -> CamR_Ca3_ABC + PP2B,Mass action (irreversible)
219,PP2B dissociating from CamR_Ca3_ABD,CamR_Ca3_ABD_PP2B -> CamR_Ca3_ABD + PP2B,Mass action (irreversible)
220,PP2B dissociating from CamR_Ca3_ACD,CamR_Ca3_ACD_PP2B -> CamR_Ca3_ACD + PP2B,Mass action (irreversible)
221,PP2B dissociating from CamR_Ca3_BCD,CamR_Ca3_BCD_PP2B -> CamR_Ca3_BCD + PP2B,Mass action (irreversible)
222,PP2B dissociating from CamR_Ca4_ABCD,CamR_Ca4_ABCD_PP2B -> CamR_Ca4_ABCD + PP2B,Mass action (irreversible)
223,Ca binding to CamR_CamKII site A,CamR_CaMKII + Ca -> CamR_Ca1_A_CaMKII,Mass action (irreversible)
224,Ca binding to CamR_CamKII site B,CamR_CaMKII + Ca -> CamR_Ca1_B_CaMKII,Mass action (irreversible)
225,Ca binding to CamR_CamKII site C,CamR_CaMKII + Ca -> CamR_Ca1_C_CaMKII,Mass action (irreversible)
226,Ca binding to CamR_CamKII site D,CamR_CaMKII + Ca -> CamR_Ca1_D_CaMKII,Mass action (irreversible)
227,Ca dissociating from CamR_Ca1_CamKII site A,CamR_Ca1_A_CaMKII -> CamR_CaMKII + Ca,Mass action (irreversible)
228,Ca dissociating from CamR_Ca1_CamKII site C,CamR_Ca1_C_CaMKII -> CamR_CaMKII + Ca,Mass action (irreversible)
229,Ca dissociating from CamR_Ca1_CamKII site D,CamR_Ca1_D_CaMKII -> CamR_CaMKII + Ca,Mass action (irreversible)
230,Ca binding to CamR_Ca1_A_CamKII site B,CamR_Ca1_A_CaMKII + Ca -> CamR_Ca2_AB_CaMKII,Mass action (irreversible)
231,Ca binding to CamR_Ca1_A_CamKII site C,CamR_Ca1_A_CaMKII + Ca -> CamR_Ca2_AC_CaMKII,Mass action (irreversible)
232,Ca binding to CamR_Ca1_A_CamKII site D,CamR_Ca1_A_CaMKII + Ca -> CamR_Ca2_AD_CaMKII,Mass action (irreversible)
233,Ca binding to CamR_Ca1_B_CamKII site A,CamR_Ca1_B_CaMKII + Ca -> CamR_Ca2_AB_CaMKII,Mass action (irreversible)
234,Ca binding to CamR_Ca1_B_CamKII site C,CamR_Ca1_B_CaMKII + Ca -> CamR_Ca2_BC_CaMKII,Mass action (irreversible)
235,Ca binding to CamR_Ca1_B_CamKII site D,CamR_Ca1_B_CaMKII + Ca -> CamR_Ca2_BD_CaMKII,Mass action (irreversible)
236,Ca binding to CamR_Ca1_C_CamKII site A,CamR_Ca1_C_CaMKII + Ca -> CamR_Ca2_AC_CaMKII,Mass action (irreversible)
237,Ca binding to CamR_Ca1_C_CamKII site B,CamR_Ca1_C_CaMKII + Ca -> CamR_Ca2_BC_CaMKII,Mass action (irreversible)
238,Ca binding to CamR_Ca1_C_CamKII site D,CamR_Ca1_C_CaMKII + Ca -> CamR_Ca2_CD_CaMKII,Mass action (irreversible)
239,Ca binding to CamR_Ca1_D_CamKII site A,CamR_Ca1_D_CaMKII + Ca -> CamR_Ca2_AD_CaMKII,Mass action (irreversible)
240,Ca binding to CamR_Ca1_D_CamKII site B,CamR_Ca1_D_CaMKII + Ca -> CamR_Ca2_BD_CaMKII,Mass action (irreversible)
241,Ca binding to CamR_Ca1_D_CamKII site C,CamR_Ca1_D_CaMKII + Ca -> CamR_Ca2_CD_CaMKII,Mass action (irreversible)
242,Ca dissociating from CamR_Ca2_AB_CamKII site A,CamR_Ca2_AB_CaMKII -> CamR_Ca1_B_CaMKII + Ca,Mass action (irreversible)
243,Ca dissociating from CamR_Ca2_AB_CamKII site B,CamR_Ca2_AB_CaMKII -> CamR_Ca1_A_CaMKII + Ca,Mass action (irreversible)
244,Ca dissociating from CamR_Ca2_AC_CamKII site A,CamR_Ca2_AC_CaMKII -> CamR_Ca1_C_CaMKII + Ca,Mass action (irreversible)
245,Ca dissociating from CamR_Ca2_AC_CamKII site C,CamR_Ca2_AC_CaMKII -> CamR_Ca1_A_CaMKII + Ca,Mass action (irreversible)
246,Ca dissociating from CamR_Ca2_AD_CamKII site A,CamR_Ca2_AD_CaMKII -> CamR_Ca1_D_CaMKII + Ca,Mass action (irreversible)
247,Ca dissociating from CamR_Ca2_AD_CamKII site D,CamR_Ca2_AD_CaMKII -> CamR_Ca1_A_CaMKII + Ca,Mass action (irreversible)
248,Ca dissociating from CamR_Ca2_BC_CamKII site B,CamR_Ca2_BC_CaMKII -> CamR_Ca1_C_CaMKII + Ca,Mass action (irreversible)
249,Ca dissociating from CamR_Ca2_BC_CamKII site C,CamR_Ca2_BC_CaMKII -> CamR_Ca1_B_CaMKII + Ca,Mass action (irreversible)
250,Ca dissociating from CamR_Ca2_BD_CamKII site B,CamR_Ca2_BD_CaMKII -> CamR_Ca1_D_CaMKII + Ca,Mass action (irreversible)
251,Ca dissociating from CamR_Ca2_BD_CamKII site D,CamR_Ca2_BD_CaMKII -> CamR_Ca1_B_CaMKII + Ca,Mass action (irreversible)
252,Ca dissociating from CamR_Ca2_CD_CamKII site C,CamR_Ca2_CD_CaMKII -> CamR_Ca1_D_CaMKII + Ca,Mass action (irreversible)
253,Ca dissociating from CamR_Ca2_CD_CamKII site D,CamR_Ca2_CD_CaMKII -> CamR_Ca1_C_CaMKII + Ca,Mass action (irreversible)
254,Ca binding to CamR_Ca2_AB_CamKII site C,CamR_Ca2_AB_CaMKII + Ca -> CamR_Ca3_ABC_CaMKII,Mass action (irreversible)
255,Ca binding to CamR_Ca2_AB_CamKII site D,CamR_Ca2_AB_CaMKII + Ca -> CamR_Ca3_ABD_CaMKII,Mass action (irreversible)
256,Ca binding to CamR_Ca2_AC_CamKII site B,CamR_Ca2_AC_CaMKII + Ca -> CamR_Ca3_ABC_CaMKII,Mass action (irreversible)
257,Ca binding to CamR_Ca2_AC_CamKII site D,CamR_Ca2_AC_CaMKII + Ca -> CamR_Ca3_ACD_CaMKII,Mass action (irreversible)
258,Ca binding to CamR_Ca2_AD_CamKII site B,CamR_Ca2_AD_CaMKII + Ca -> CamR_Ca3_ABD_CaMKII,Mass action (irreversible)
259,Ca binding to CamR_Ca2_AD_CamKII site C,CamR_Ca2_AD_CaMKII + Ca -> CamR_Ca3_ACD_CaMKII,Mass action (irreversible)
260,Ca binding to CamR_Ca2_BC_CamKII site A,CamR_Ca2_BC_CaMKII + Ca -> CamR_Ca3_ABC_CaMKII,Mass action (irreversible)
261,Ca binding to CamR_Ca2_BC_CamKII site D,CamR_Ca2_BC_CaMKII + Ca -> CamR_Ca3_BCD_CaMKII,Mass action (irreversible)
262,Ca binding to CamR_Ca2_BD_CamKII site A,CamR_Ca2_BD_CaMKII + Ca -> CamR_Ca3_ABD_CaMKII,Mass action (irreversible)
263,Ca binding to CamR_Ca2_BD_CamKII site C,CamR_Ca2_BD_CaMKII + Ca -> CamR_Ca3_BCD_CaMKII,Mass action (irreversible)
264,Ca binding to CamR_Ca2_CD_CamKII site A,CamR_Ca2_CD_CaMKII + Ca -> CamR_Ca3_ACD_CaMKII,Mass action (irreversible)
265,Ca binding to CamR_Ca2_CD_CamKII site B,CamR_Ca2_CD_CaMKII + Ca -> CamR_Ca3_BCD_CaMKII,Mass action (irreversible)
266,Ca dissociating from CamR_Ca3_ABC_CamKII site C,CamR_Ca3_ABC_CaMKII -> CamR_Ca2_AB_CaMKII + Ca,Mass action (irreversible)
267,Ca dissociating from CamR_Ca3_ABC_CamKII site B,CamR_Ca3_ABC_CaMKII -> CamR_Ca2_AC_CaMKII + Ca,Mass action (irreversible)
268,Ca dissociating from CamR_Ca3_ABC_CamKII site A,CamR_Ca3_ABC_CaMKII -> CamR_Ca2_BC_CaMKII + Ca,Mass action (irreversible)
269,Ca dissociating from CamR_Ca3_ABD_CamKII site D,CamR_Ca3_ABD_CaMKII -> CamR_Ca2_AB_CaMKII + Ca,Mass action (irreversible)
270,Ca dissociating from CamR_Ca3_ABD_CamKII site B,CamR_Ca3_ABD_CaMKII -> CamR_Ca2_AD_CaMKII + Ca,Mass action (irreversible)
271,Ca dissociating from CamR_Ca3_ABD_CamKII site A,CamR_Ca3_ABD_CaMKII -> CamR_Ca2_BD_CaMKII + Ca,Mass action (irreversible)
272,Ca dissociating from CamR_Ca3_ACD_CamKII site D,CamR_Ca3_ACD_CaMKII -> CamR_Ca2_AC_CaMKII + Ca,Mass action (irreversible)
273,Ca dissociating from CamR_Ca3_ACD_CamKII site C,CamR_Ca3_ACD_CaMKII -> CamR_Ca2_AD_CaMKII + Ca,Mass action (irreversible)
274,Ca dissociating from CamR_Ca3_ACD_CamKII site A,CamR_Ca3_ACD_CaMKII -> CamR_Ca2_CD_CaMKII + Ca,Mass action (irreversible)
275,Ca dissociating from CamR_Ca3_BCD_CamKII site D,CamR_Ca3_BCD_CaMKII -> CamR_Ca2_BC_CaMKII + Ca,Mass action (irreversible)
276,Ca dissociating from CamR_Ca3_BCD_CamKII site C,CamR_Ca3_BCD_CaMKII -> CamR_Ca2_BD_CaMKII + Ca,Mass action (irreversible)
277,Ca dissociating from CamR_Ca3_BCD_CamKII site B,CamR_Ca3_BCD_CaMKII -> CamR_Ca2_CD_CaMKII + Ca,Mass action (irreversible)
278,Ca binding to CamR_Ca3_BCD_CamKII site A,CamR_Ca3_BCD_CaMKII + Ca -> CamR_Ca4_ABCD_CaMKII,Mass action (irreversible)
279,Ca binding to CamR_Ca3_ACD_CamKII site B,CamR_Ca3_ACD_CaMKII + Ca -> CamR_Ca4_ABCD_CaMKII,Mass action (irreversible)
280,Ca binding to CamR_Ca3_ABD_CamKII site C,CamR_Ca3_ABD_CaMKII + Ca -> CamR_Ca4_ABCD_CaMKII,Mass action (irreversible)
281,Ca binding to CamR_Ca3_ABC_CamKII site D,CamR_Ca3_ABC_CaMKII + Ca -> CamR_Ca4_ABCD_CaMKII,Mass action (irreversible)
282,Ca dissociating from CamR_Ca4_ABCD_CamKII site A,CamR_Ca4_ABCD_CaMKII -> CamR_Ca3_BCD_CaMKII + Ca,Mass action (irreversible)
283,Ca dissociating from CamR_Ca4_ABCD_CamKII site B,CamR_Ca4_ABCD_CaMKII -> CamR_Ca3_ACD_CaMKII + Ca,Mass action (irreversible)
284,Ca dissociating from CamR_Ca4_ABCD_CamKII site C,CamR_Ca4_ABCD_CaMKII -> CamR_Ca3_ABD_CaMKII + Ca,Mass action (irreversible)
285,Ca dissociating from CamR_Ca4_ABCD_CamKII site D,CamR_Ca4_ABCD_CaMKII -> CamR_Ca3_ABC_CaMKII + Ca,Mass action (irreversible)
286,Ca binding to CamR_PP2B site A,CamR_PP2B + Ca -> CamR_Ca1_A_PP2B,Mass action (irreversible)
287,Ca binding to CamR_PP2B site B,CamR_PP2B + Ca -> CamR_Ca1_B_PP2B,Mass action (irreversible)
288,Ca binding to CamR_PP2B site C,CamR_PP2B + Ca -> CamR_Ca1_C_PP2B,Mass action (irreversible)
289,Ca binding to CamR_PP2B site D,CamR_PP2B + Ca -> CamR_Ca1_D_PP2B,Mass action (irreversible)
290,Ca dissociating from CamR_Ca1_A_PP2B site A,CamR_Ca1_A_PP2B -> CamR_PP2B + Ca,Mass action (irreversible)
291,Ca dissociating from CamR_Ca1_B_PP2B site B,CamR_Ca1_B_PP2B -> CamR_PP2B + Ca,Mass action (irreversible)
292,Ca dissociating from CamR_Ca1_C_PP2B site C,CamR_Ca1_C_PP2B -> CamR_PP2B + Ca,Mass action (irreversible)
293,Ca dissociating from CamR_Ca1_D_PP2B site D,CamR_Ca1_D_PP2B -> CamR_PP2B + Ca,Mass action (irreversible)
294,Ca binding to CamR_Ca1_A_PP2B site B,CamR_Ca1_A_PP2B + Ca -> CamR_Ca2_AB_PP2B,Mass action (irreversible)
295,Ca binding to CamR_Ca1_A_PP2B site C,CamR_Ca1_A_PP2B + Ca -> CamR_Ca2_AC_PP2B,Mass action (irreversible)
296,Ca binding to CamR_Ca1_A_PP2B site D,CamR_Ca1_A_PP2B + Ca -> CamR_Ca2_AD_PP2B,Mass action (irreversible)
297,Ca binding to CamR_Ca1_B_PP2B site A,CamR_Ca1_B_PP2B + Ca -> CamR_Ca2_AB_PP2B,Mass action (irreversible)
298,Ca binding to CamR_Ca1_B_PP2B site C,CamR_Ca1_B_PP2B + Ca -> CamR_Ca2_BC_PP2B,Mass action (irreversible)
299,Ca binding to CamR_Ca1_B_PP2B site D,CamR_Ca1_B_PP2B + Ca -> CamR_Ca2_BD_PP2B,Mass action (irreversible)
300,Ca binding to CamR_Ca1_C_PP2B site A,CamR_Ca1_C_PP2B + Ca -> CamR_Ca2_AC_PP2B,Mass action (irreversible)
301,Ca binding to CamR_Ca1_C_PP2B site B,CamR_Ca1_C_PP2B + Ca -> CamR_Ca2_BC_PP2B,Mass action (irreversible)
302,Ca binding to CamR_Ca1_C_PP2B site D,CamR_Ca1_C_PP2B + Ca -> CamR_Ca2_CD_PP2B,Mass action (irreversible)
303,Ca binding to CamR_Ca1_D_PP2B site A,CamR_Ca1_D_PP2B + Ca -> CamR_Ca2_AD_PP2B,Mass action (irreversible)
304,Ca binding to CamR_Ca1_D_PP2B site B,CamR_Ca1_D_PP2B + Ca -> CamR_Ca2_BD_PP2B,Mass action (irreversible)
305,Ca binding to CamR_Ca1_D_PP2B site C,CamR_Ca1_D_PP2B + Ca -> CamR_Ca2_CD_PP2B,Mass action (irreversible)
306,Ca dissociating from CamR_Ca2_AB_PP2B site A,CamR_Ca2_AB_PP2B -> CamR_Ca1_B_PP2B + Ca,Mass action (irreversible)
307,Ca dissociating from CamR_Ca2_AB_PP2B site B,CamR_Ca2_AB_PP2B -> CamR_Ca1_A_PP2B + Ca,Mass action (irreversible)
308,Ca dissociating from CamR_Ca2_AC_PP2B site A,CamR_Ca2_AC_PP2B -> CamR_Ca1_C_PP2B + Ca,Mass action (irreversible)
309,Ca dissociating from CamR_Ca2_AC_PP2B site C,CamR_Ca2_AC_PP2B -> CamR_Ca1_A_PP2B + Ca,Mass action (irreversible)
310,Ca dissociating from CamR_Ca2_AD_PP2B site A,CamR_Ca2_AD_PP2B -> CamR_Ca1_D_PP2B + Ca,Mass action (irreversible)
311,Ca dissociating from CamR_Ca2_AD_PP2B site D,CamR_Ca2_AD_PP2B -> CamR_Ca1_A_PP2B + Ca,Mass action (irreversible)
312,Ca dissociating from CamR_Ca2_BC_PP2B site B,CamR_Ca2_BC_PP2B -> CamR_Ca1_C_PP2B + Ca,Mass action (irreversible)
313,Ca dissociating from CamR_Ca2_BC_PP2B site C,CamR_Ca2_BC_PP2B -> CamR_Ca1_B_PP2B + Ca,Mass action (irreversible)
314,Ca dissociating from CamR_Ca2_BD_PP2B site B,CamR_Ca2_BD_PP2B -> CamR_Ca1_D_PP2B + Ca,Mass action (irreversible)
315,Ca dissociating from CamR_Ca2_BD_PP2B site D,CamR_Ca2_BD_PP2B -> CamR_Ca1_B_PP2B + Ca,Mass action (irreversible)
316,Ca dissociating from CamR_Ca2_CD_PP2B site C,CamR_Ca2_CD_PP2B -> CamR_Ca1_D_PP2B + Ca,Mass action (irreversible)
317,Ca dissociating from CamR_Ca2_CD_PP2B site D,CamR_Ca2_CD_PP2B -> CamR_Ca1_C_PP2B + Ca,Mass action (irreversible)
318,Ca binding to CamR_Ca2_AB_PP2B site C,CamR_Ca2_AB_PP2B + Ca -> CamR_Ca3_ABC_PP2B,Mass action (irreversible)
319,Ca binding to CamR_Ca2_AB_PP2B site D,CamR_Ca2_AB_PP2B + Ca -> CamR_Ca3_ABD_PP2B,Mass action (irreversible)
320,Ca binding to CamR_Ca2_AC_PP2B site B,CamR_Ca2_AC_PP2B + Ca -> CamR_Ca3_ABC_PP2B,Mass action (irreversible)
321,Ca binding to CamR_Ca2_AC_PP2B site D,CamR_Ca2_AC_PP2B + Ca -> CamR_Ca3_ACD_PP2B,Mass action (irreversible)
322,Ca binding to CamR_Ca2_AD_PP2B site B,CamR_Ca2_AD_PP2B + Ca -> CamR_Ca3_ABD_PP2B,Mass action (irreversible)
323,Ca binding to CamR_Ca2_AD_PP2B site C,CamR_Ca2_AD_PP2B + Ca -> CamR_Ca3_ACD_PP2B,Mass action (irreversible)
324,Ca binding to CamR_Ca2_BC_PP2B site A,CamR_Ca2_BC_PP2B + Ca -> CamR_Ca3_ABC_PP2B,Mass action (irreversible)
325,Ca binding to CamR_Ca2_BC_PP2B site D,CamR_Ca2_BC_PP2B + Ca -> CamR_Ca3_BCD_PP2B,Mass action (irreversible)
326,Ca binding to CamR_Ca2_BD_PP2B site A,CamR_Ca2_BD_PP2B + Ca -> CamR_Ca3_ABD_PP2B,Mass action (irreversible)
327,Ca binding to CamR_Ca2_BD_PP2B site C,CamR_Ca2_BD_PP2B + Ca -> CamR_Ca3_BCD_PP2B,Mass action (irreversible)
328,Ca binding to CamR_Ca2_CD_PP2B site A,CamR_Ca2_CD_PP2B + Ca -> CamR_Ca3_ACD_PP2B,Mass action (irreversible)
329,Ca binding to CamR_Ca2_CD_PP2B site B,CamR_Ca2_CD_PP2B + Ca -> CamR_Ca3_BCD_PP2B,Mass action (irreversible)
330,Ca dissociating from CamR_Ca3_ABC_PP2B site A,CamR_Ca3_ABC_PP2B -> CamR_Ca2_BC_PP2B + Ca,Mass action (irreversible)
331,Ca dissociating from CamR_Ca3_ABC_PP2B site B,CamR_Ca3_ABC_PP2B -> CamR_Ca2_AC_PP2B + Ca,Mass action (irreversible)
332,Ca dissociating from CamR_Ca3_ABC_PP2B site C,CamR_Ca3_ABC_PP2B -> CamR_Ca2_AB_PP2B + Ca,Mass action (irreversible)
333,Ca dissociating from CamR_Ca3_ABD_PP2B site A,CamR_Ca3_ABD_PP2B -> CamR_Ca2_BD_PP2B + Ca,Mass action (irreversible)
334,Ca dissociating from CamR_Ca3_ABD_PP2B site B,CamR_Ca3_ABD_PP2B -> CamR_Ca2_AD_PP2B + Ca,Mass action (irreversible)
335,Ca dissociating from CamR_Ca3_ABD_PP2B site D,CamR_Ca3_ABD_PP2B -> CamR_Ca2_AB_PP2B + Ca,Mass action (irreversible)
336,Ca dissociating from CamR_Ca3_ACD_PP2B site A,CamR_Ca3_ACD_PP2B -> CamR_Ca2_CD_PP2B + Ca,Mass action (irreversible)
337,Ca dissociating from CamR_Ca3_ACD_PP2B site C,CamR_Ca3_ACD_PP2B -> CamR_Ca2_AD_PP2B + Ca,Mass action (irreversible)
338,Ca dissociating from CamR_Ca3_ACD_PP2B site D,CamR_Ca3_ACD_PP2B -> CamR_Ca2_AC_PP2B + Ca,Mass action (irreversible)
339,Ca dissociating from CamR_Ca3_BCD_PP2B site B,CamR_Ca3_BCD_PP2B -> CamR_Ca2_CD_PP2B + Ca,Mass action (irreversible)
340,Ca dissociating from CamR_Ca3_BCD_PP2B site C,CamR_Ca3_BCD_PP2B -> CamR_Ca2_BD_PP2B + Ca,Mass action (irreversible)
341,Ca dissociating from CamR_Ca3_BCD_PP2B site D,CamR_Ca3_BCD_PP2B -> CamR_Ca2_BC_PP2B + Ca,Mass action (irreversible)
342,Ca binding to CamR_Ca3_ABC_PP2B site D,CamR_Ca3_ABC_PP2B + Ca -> CamR_Ca4_ABCD_PP2B,Mass action (irreversible)
343,Ca binding to CamR_Ca3_ABD_PP2B site C,CamR_Ca3_ABD_PP2B + Ca -> CamR_Ca4_ABCD_PP2B,Mass action (irreversible)
344,Ca binding to CamR_Ca3_ACD_PP2B site B,CamR_Ca3_ACD_PP2B + Ca -> CamR_Ca4_ABCD_PP2B,Mass action (irreversible)
345,Ca binding to CamR_Ca3_BCD_PP2B site A,CamR_Ca3_BCD_PP2B + Ca -> CamR_Ca4_ABCD_PP2B,Mass action (irreversible)
346,Ca dissociating from CamR_Ca4_ABCD_PP2B site A,CamR_Ca4_ABCD_PP2B -> CamR_Ca3_BCD_PP2B + Ca,Mass action (irreversible)
347,Ca dissociating from CamR_Ca4_ABCD_PP2B site B,CamR_Ca4_ABCD_PP2B -> CamR_Ca3_ACD_PP2B + Ca,Mass action (irreversible)
348,Ca dissociating from CamR_Ca4_ABCD_PP2B site C,CamR_Ca4_ABCD_PP2B -> CamR_Ca3_ABD_PP2B + Ca,Mass action (irreversible)
349,Ca dissociating from CamR_Ca4_ABCD_PP2B site D,CamR_Ca4_ABCD_PP2B -> CamR_Ca3_ABC_PP2B + Ca,Mass action (irreversible)
350,Ca dissociating from CamR_Ca1_CamKII site B,CamR_Ca1_B_CaMKII -> CamR_CaMKII + Ca,Mass action (irreversible)
351,Ca dissociating from CamT_Ca3_ABC site C,CamT_Ca3_ABC -> CamT_Ca2_AB + Ca,Mass action (irreversible)
352,CamR_CaMKII Phosphorylation,CamR_CaMKII -> CamR_CaMKIIp,Mass action (irreversible)
353,CamR_Ca1_A_CaMKII phosphorylation,CamR_Ca1_A_CaMKII -> CamR_Ca1_A_CaMKIIp,Mass action (irreversible)
354,CamR_Ca1_B_CaMKII Phosphorylation,CamR_Ca1_B_CaMKII -> CamR_Ca1_B_CaMKIIp,Mass action (irreversible)
355,CamR_Ca1_C_CaMKII phosphorylation,CamR_Ca1_C_CaMKII -> CamR_Ca1_C_CaMKIIp,Mass action (irreversible)
356,CamR_Ca1_D_CaMKII phosphorylation,CamR_Ca1_D_CaMKII -> CamR_Ca1_D_CaMKIIp,Mass action (irreversible)
357,CamR_Ca2_AB_CaMKII phosphorylation,CamR_Ca2_AB_CaMKII -> CamR_Ca2_AB_CaMKIIp,Mass action (irreversible)
358,CamR_Ca2_AC_CaMKII phosphorylation,CamR_Ca2_AC_CaMKII -> CamR_Ca2_AC_CaMKIIp,Mass action (irreversible)
359,CamR_Ca2_AD_CaMKII phosphorylation,CamR_Ca2_AD_CaMKII -> CamR_Ca2_AD_CaMKIIp,Mass action (irreversible)
360,CamR_Ca2_BC_CaMKII phosphorylation,CamR_Ca2_BC_CaMKII -> CamR_Ca2_BC_CaMKIIp,Mass action (irreversible)
361,CamR_Ca2_BD_CaMKII phosphorylation,CamR_Ca2_BD_CaMKII -> CamR_Ca2_BD_CaMKIIp,Mass action (irreversible)
362,CamR_Ca2_CD_CaMKII phosphorylation,CamR_Ca2_CD_CaMKII -> CamR_Ca2_CD_CaMKIIp,Mass action (irreversible)
363,CamR_Ca3_ABC_CaMKII phosphorylation,CamR_Ca3_ABC_CaMKII -> CamR_Ca3_ABC_CaMKIIp,Mass action (irreversible)
364,CamR_Ca3_ABD_CaMKII phosphorylation,CamR_Ca3_ABD_CaMKII -> CamR_Ca3_ABD_CaMKIIp,Mass action (irreversible)
365,CamR_Ca3_ACD_CaMKII phosphorylation,CamR_Ca3_ACD_CaMKII -> CamR_Ca3_ACD_CaMKIIp,Mass action (irreversible)
366,CamR_Ca3_BCD_CaMKII phosphorylation,CamR_Ca3_BCD_CaMKII -> CamR_Ca3_BCD_CaMKIIp,Mass action (irreversible)
367,CamR_Ca4_ABCD_CaMKII phosphorylation,CamR_Ca4_ABCD_CaMKII -> CamR_Ca4_ABCD_CaMKIIp,Mass action (irreversible)
368,CaMKIIp binding to CamR,CamR + CaMKIIp -> CamR_CaMKIIp,Mass action (irreversible)
369,CaMKIIp dissociating from CamR_CaMKIIp,CamR_CaMKIIp -> CamR + CaMKIIp,Mass action (irreversible)
370,CaMKIIp binding to CamR_Ca1_A,CamR_Ca1_A + CaMKIIp -> CamR_Ca1_A_CaMKIIp,Mass action (irreversible)
371,CaMKIIp dissociating from CamR_Ca1_A_CaMKIIp,CamR_Ca1_A_CaMKIIp -> CamR_Ca1_A + CaMKIIp,Mass action (irreversible)
372,CaMKIIp binding to CamR_Ca1_B,CamR_Ca1_B + CaMKIIp -> CamR_Ca1_B_CaMKIIp,Mass action (irreversible)
373,CaMKIIp dissociating from CamR_Ca1_B_CaMKIIp,CamR_Ca1_B_CaMKIIp -> CamR_Ca1_B + CaMKIIp,Mass action (irreversible)
374,CaMKIIp binding to CamR_Ca1_C,CamR_Ca1_C + CaMKIIp -> CamR_Ca1_C_CaMKIIp,Mass action (irreversible)
375,CaMKIIp dissociating from CamR_Ca1_C_CaMKIIp,CamR_Ca1_C_CaMKIIp -> CamR_Ca1_C + CaMKIIp,Mass action (irreversible)
376,CaMKIIp binding to CamR_Ca1_D,CamR_Ca1_D + CaMKIIp -> CamR_Ca1_D_CaMKIIp,Mass action (irreversible)
377,CaMKIIp dissociating from CamR_Ca1_D_CaMKIIp,CamR_Ca1_D_CaMKIIp -> CamR_Ca1_D + CaMKIIp,Mass action (irreversible)
378,CaMKIIp binding to CamR_Ca2_AB,CamR_Ca2_AB + CaMKIIp -> CamR_Ca2_AB_CaMKIIp,Mass action (irreversible)
379,CaMKIIp dissociating from CamR_Ca2_AB_CaMKIIp,CamR_Ca2_AB_CaMKIIp -> CamR_Ca2_AB + CaMKIIp,Mass action (irreversible)
380,CaMKIIp binding to CamR_Ca2_AC,CamR_Ca2_AC + CaMKIIp -> CamR_Ca2_AC_CaMKIIp,Mass action (irreversible)
381,CaMKIIp dissociating from CamR_Ca2_AC_CaMKIIp,CamR_Ca2_AC_CaMKIIp -> CamR_Ca2_AC + CaMKIIp,Mass action (irreversible)
382,CaMKIIp binding to CamR_Ca2_AD,CamR_Ca2_AD + CaMKIIp -> CamR_Ca2_AD_CaMKIIp,Mass action (irreversible)
383,CaMKIIp dissociating from CamR_Ca2_AD_CaMKIIp,CamR_Ca2_AD_CaMKIIp -> CamR_Ca2_AD + CaMKIIp,Mass action (irreversible)
384,CaMKIIp binding to CamR_Ca2_BC,CamR_Ca2_BC + CaMKIIp -> CamR_Ca2_BC_CaMKIIp,Mass action (irreversible)
385,CaMKIIp dissociating from CamR_Ca2_BC_CaMKIIp,CamR_Ca2_BC_CaMKIIp -> CamR_Ca2_BC + CaMKIIp,Mass action (irreversible)
386,CaMKIIp binding to CamR_Ca2_BD,CamR_Ca2_BD + CaMKIIp -> CamR_Ca2_BD_CaMKIIp,Mass action (irreversible)
387,CaMKIIp dissociating from CamR_Ca2_BD_CaMKIIp,CamR_Ca2_BD_CaMKIIp -> CamR_Ca2_BD + CaMKIIp,Mass action (irreversible)
388,CaMKIIp binding to CamR_Ca2_CD,CamR_Ca2_CD + CaMKIIp -> CamR_Ca2_CD_CaMKIIp,Mass action (irreversible)
389,CaMKIIp dissociating from CamR_Ca2_CD_CaMKIIp,CamR_Ca2_CD_CaMKIIp -> CamR_Ca2_CD + CaMKIIp,Mass action (irreversible)
390,CaMKIIp binding to CamR_Ca3_ABC,CamR_Ca3_ABC + CaMKIIp -> CamR_Ca3_ABC_CaMKIIp,Mass action (irreversible)
391,CaMKIIp dissociating from CamR_Ca3_ABC_CaMKIIp,CamR_Ca3_ABC_CaMKIIp -> CamR_Ca3_ABC + CaMKIIp,Mass action (irreversible)
392,CaMKIIp binding to CamR_Ca3_ABD,CamR_Ca3_ABD + CaMKIIp -> CamR_Ca3_ABD_CaMKIIp,Mass action (irreversible)
393,CaMKIIp dissociating from CamR_Ca3_ABD_CaMKIIp,CamR_Ca3_ABD_CaMKIIp -> CamR_Ca3_ABD + CaMKIIp,Mass action (irreversible)
394,CaMKIIp binding to CamR_Ca3_ACD,CamR_Ca3_ACD + CaMKIIp -> CamR_Ca3_ACD_CaMKIIp,Mass action (irreversible)
395,CaMKIIp dissociating from CamR_Ca3_ACD_CaMKIIp,CamR_Ca3_ACD_CaMKIIp -> CamR_Ca3_ACD + CaMKIIp,Mass action (irreversible)
396,CaMKIIp binding to CamR_Ca3_BCD,CamR_Ca3_BCD + CaMKIIp -> CamR_Ca3_BCD_CaMKIIp,Mass action (irreversible)
397,CaMKIIp dissociating from CamR_Ca3_BCD_CaMKIIp,CamR_Ca3_BCD_CaMKIIp -> CamR_Ca3_BCD + CaMKIIp,Mass action (irreversible)
398,CaMKIIp binding to CamR_Ca4_ABCD,CamR_Ca4_ABCD + CaMKIIp -> CamR_Ca4_ABCD_CaMKIIp,Mass action (irreversible)
399,CaMKIIp dissociating from CamR_Ca4_ABCD_CaMKIIp,CamR_Ca4_ABCD_CaMKIIp -> CamR_Ca4_ABCD + CaMKIIp,Mass action (irreversible)
400,Ca binding to CamR_CaMKIIp site A,CamR_CaMKIIp + Ca -> CamR_Ca1_A_CaMKIIp,Mass action (irreversible)
401,Ca binding to CamR_CaMKIIp site B,CamR_CaMKIIp + Ca -> CamR_Ca1_B_CaMKIIp,Mass action (irreversible)
402,Ca binding to CamR_CaMKIIp site C,CamR_CaMKIIp + Ca -> CamR_Ca1_C_CaMKIIp,Mass action (irreversible)
403,Ca binding to CamR_CaMKIIp site D,CamR_CaMKIIp + Ca -> CamR_Ca1_D_CaMKIIp,Mass action (irreversible)
404,Ca dissociating from CamR_Ca1_A_CaMKIIp site A,CamR_Ca1_A_CaMKIIp -> CamR_CaMKIIp + Ca,Mass action (irreversible)
405,Ca dissociating from CamR_Ca1_B_CaMKIIp site B,CamR_Ca1_B_CaMKIIp -> CamR_CaMKIIp + Ca,Mass action (irreversible)
406,Ca dissociating from CamR_Ca1_C_CaMKIIp site C,CamR_Ca1_C_CaMKIIp -> CamR_CaMKIIp + Ca,Mass action (irreversible)
407,Ca dissociating from CamR_Ca1_D_CaMKIIp site D,CamR_Ca1_D_CaMKIIp -> CamR_CaMKIIp + Ca,Mass action (irreversible)
408,Ca binding to CamR_Ca1_A_CaMKIIp site B,CamR_Ca1_A_CaMKIIp + Ca -> CamR_Ca2_AB_CaMKIIp,Mass action (irreversible)
409,Ca binding to CamR_Ca1_A_CaMKIIp site C,CamR_Ca1_A_CaMKIIp + Ca -> CamR_Ca2_AC_CaMKIIp,Mass action (irreversible)
410,Ca binding to CamR_Ca1_A_CaMKIIp site D,CamR_Ca1_A_CaMKIIp + Ca -> CamR_Ca2_AD_CaMKIIp,Mass action (irreversible)
411,Ca binding to CamR_Ca1_B_CaMKIIp site A,CamR_Ca1_B_CaMKIIp + Ca -> CamR_Ca2_AB_CaMKIIp,Mass action (irreversible)
412,Ca binding to CamR_Ca1_B_CaMKIIp site C,CamR_Ca1_B_CaMKIIp + Ca -> CamR_Ca2_BC_CaMKIIp,Mass action (irreversible)
413,Ca binding to CamR_Ca1_B_CaMKIIp site D,CamR_Ca1_B_CaMKIIp + Ca -> CamR_Ca2_BD_CaMKIIp,Mass action (irreversible)
414,Ca binding to CamR_Ca1_C_CaMKIIp site A,CamR_Ca1_C_CaMKIIp + Ca -> CamR_Ca2_AC_CaMKIIp,Mass action (irreversible)
415,Ca binding to CamR_Ca1_C_CaMKIIp site B,CamR_Ca1_C_CaMKIIp + Ca -> CamR_Ca2_BC_CaMKIIp,Mass action (irreversible)
416,Ca binding to CamR_Ca1_C_CaMKIIp site D,CamR_Ca1_C_CaMKIIp + Ca -> CamR_Ca2_CD_CaMKIIp,Mass action (irreversible)
417,Ca binding to CamR_Ca1_D_CaMKIIp site A,CamR_Ca1_D_CaMKIIp + Ca -> CamR_Ca2_AD_CaMKIIp,Mass action (irreversible)
418,Ca binding to CamR_Ca1_D_CaMKIIp site B,CamR_Ca1_D_CaMKIIp + Ca -> CamR_Ca2_BD_CaMKIIp,Mass action (irreversible)
419,Ca binding to CamR_Ca1_D_CaMKIIp site C,CamR_Ca1_D_CaMKIIp + Ca -> CamR_Ca2_CD_CaMKIIp,Mass action (irreversible)
420,Ca dissociating from CamR_Ca2_AB_CaMKIIp site A,CamR_Ca2_AB_CaMKIIp -> CamR_Ca1_B_CaMKIIp + Ca,Mass action (irreversible)
421,Ca dissociating from CamR_Ca2_AB_CaMKIIp site B,CamR_Ca2_AB_CaMKIIp -> CamR_Ca1_A_CaMKIIp + Ca,Mass action (irreversible)
422,Ca dissociating from CamR_Ca2_AC_CaMKIIp site A,CamR_Ca2_AC_CaMKIIp -> CamR_Ca1_C_CaMKIIp + Ca,Mass action (irreversible)
423,Ca dissociating from CamR_Ca2_AC_CaMKIIp site C,CamR_Ca2_AC_CaMKIIp -> CamR_Ca1_A_CaMKIIp + Ca,Mass action (irreversible)
424,Ca dissociating from CamR_Ca2_AD_CaMKIIp site A,CamR_Ca2_AD_CaMKIIp -> CamR_Ca1_D_CaMKIIp + Ca,Mass action (irreversible)
425,Ca dissociating from CamR_Ca2_AD_CaMKIIp site D,CamR_Ca2_AD_CaMKIIp -> CamR_Ca1_A_CaMKIIp + Ca,Mass action (irreversible)
426,Ca dissociating from CamR_Ca2_BC_CaMKIIp site B,CamR_Ca2_BC_CaMKIIp -> CamR_Ca1_C_CaMKIIp + Ca,Mass action (irreversible)
427,Ca dissociating from CamR_Ca2_BC_CaMKIIp site C,CamR_Ca2_BC_CaMKIIp -> CamR_Ca1_B_CaMKIIp + Ca,Mass action (irreversible)
428,Ca dissociating from CamR_Ca2_BD_CaMKIIp site B,CamR_Ca2_BD_CaMKIIp -> CamR_Ca1_D_CaMKIIp + Ca,Mass action (irreversible)
429,Ca dissociating from CamR_Ca2_BD_CaMKIIp site D,CamR_Ca2_BD_CaMKIIp -> CamR_Ca1_B_CaMKIIp + Ca,Mass action (irreversible)
430,Ca dissociating from CamR_Ca2_CD_CaMKIIp site C,CamR_Ca2_CD_CaMKIIp -> CamR_Ca1_D_CaMKIIp + Ca,Mass action (irreversible)
431,Ca dissociating from CamR_Ca2_CD_CaMKIIp site D,CamR_Ca2_CD_CaMKIIp -> CamR_Ca1_C_CaMKIIp + Ca,Mass action (irreversible)
432,Ca binding to CamR_Ca2_AB_CaMKIIp site C,CamR_Ca2_AB_CaMKIIp + Ca -> CamR_Ca3_ABC_CaMKIIp,Mass action (irreversible)
433,Ca binding to CamR_Ca2_AB_CaMKIIp site D,CamR_Ca2_AB_CaMKIIp + Ca -> CamR_Ca3_ABD_CaMKIIp,Mass action (irreversible)
434,Ca binding to CamR_Ca2_AC_CaMKIIp site B,CamR_Ca2_AC_CaMKIIp + Ca -> CamR_Ca3_ABC_CaMKIIp,Mass action (irreversible)
435,Ca binding to CamR_Ca2_AC_CaMKIIp site D,CamR_Ca2_AC_CaMKIIp + Ca -> CamR_Ca3_ACD_CaMKIIp,Mass action (irreversible)
436,Ca binding to CamR_Ca2_AD_CaMKIIp site B,CamR_Ca2_AD_CaMKIIp + Ca -> CamR_Ca3_ABD_CaMKIIp,Mass action (irreversible)
437,Ca binding to CamR_Ca2_AD_CaMKIIp site C,CamR_Ca2_AD_CaMKIIp + Ca -> CamR_Ca3_ACD_CaMKIIp,Mass action (irreversible)
438,Ca binding to CamR_Ca2_BC_CaMKIIp site A,CamR_Ca2_BC_CaMKIIp + Ca -> CamR_Ca3_ABC_CaMKIIp,Mass action (irreversible)
439,Ca binding to CamR_Ca2_BC_CaMKIIp site D,CamR_Ca2_BC_CaMKIIp + Ca -> CamR_Ca3_BCD_CaMKIIp,Mass action (irreversible)
440,Ca binding to CamR_Ca2_BD_CaMKIIp site A,CamR_Ca2_BD_CaMKIIp + Ca -> CamR_Ca3_ABD_CaMKIIp,Mass action (irreversible)
441,Ca binding to CamR_Ca2_BD_CaMKIIp site C,CamR_Ca2_BD_CaMKIIp + Ca -> CamR_Ca3_BCD_CaMKIIp,Mass action (irreversible)
442,Ca binding to CamR_Ca2_CD_CaMKIIp site A,CamR_Ca2_CD_CaMKIIp + Ca -> CamR_Ca3_ACD_CaMKIIp,Mass action (irreversible)
443,Ca binding to CamR_Ca2_CD_CaMKIIp site B,CamR_Ca2_CD_CaMKIIp + Ca -> CamR_Ca3_BCD_CaMKIIp,Mass action (irreversible)
444,Ca dissociating from CamR_Ca3_ABC_CaMKIIp site C,CamR_Ca3_ABC_CaMKIIp -> CamR_Ca2_AB_CaMKIIp + Ca,Mass action (irreversible)
445,Ca dissociating from CamR_Ca3_ABC_CaMKIIp site B,CamR_Ca3_ABC_CaMKIIp -> CamR_Ca2_AC_CaMKIIp + Ca,Mass action (irreversible)
446,Ca dissociating from CamR_Ca3_ABC_CaMKIIp site A,CamR_Ca3_ABC_CaMKIIp -> CamR_Ca2_BC_CaMKIIp + Ca,Mass action (irreversible)
447,Ca dissociating from CamR_Ca3_ABD_CaMKIIp site D,CamR_Ca3_ABD_CaMKIIp -> CamR_Ca2_AB_CaMKIIp + Ca,Mass action (irreversible)
448,Ca dissociating from CamR_Ca3_ABD_CaMKIIp site B,CamR_Ca3_ABD_CaMKIIp -> CamR_Ca2_AD_CaMKIIp + Ca,Mass action (irreversible)
449,Ca dissociating from CamR_Ca3_ABD_CaMKIIp site A,CamR_Ca3_ABD_CaMKIIp -> CamR_Ca2_BD_CaMKIIp + Ca,Mass action (irreversible)
450,Ca dissociating from CamR_Ca3_ACD_CaMKIIp site D,CamR_Ca3_ACD_CaMKIIp -> CamR_Ca2_AC_CaMKIIp + Ca,Mass action (irreversible)
451,Ca dissociating from CamR_Ca3_ACD_CaMKIIp site C,CamR_Ca3_ACD_CaMKIIp -> CamR_Ca2_AD_CaMKIIp + Ca,Mass action (irreversible)
452,Ca dissociating from CamR_Ca3_ACD_CaMKIIp site A,CamR_Ca3_ACD_CaMKIIp -> CamR_Ca2_CD_CaMKIIp + Ca,Mass action (irreversible)
453,Ca dissociating from CamR_Ca3_BCD_CaMKIIp site D,CamR_Ca3_BCD_CaMKIIp -> CamR_Ca2_BC_CaMKIIp + Ca,Mass action (irreversible)
454,Ca dissociating from CamR_Ca3_BCD_CaMKIIp site C,CamR_Ca3_BCD_CaMKIIp -> CamR_Ca2_BD_CaMKIIp + Ca,Mass action (irreversible)
455,Ca dissociating from CamR_Ca3_BCD_CaMKIIp site B,CamR_Ca3_BCD_CaMKIIp -> CamR_Ca2_CD_CaMKIIp + Ca,Mass action (irreversible)
456,Ca binding to CamR_Ca3_BCD_CaMKIIp site A,CamR_Ca3_BCD_CaMKIIp + Ca -> CamR_Ca4_ABCD_CaMKIIp,Mass action (irreversible)
457,Ca binding to CamR_Ca3_ACD_CaMKIIp site B,CamR_Ca3_ACD_CaMKIIp + Ca -> CamR_Ca4_ABCD_CaMKIIp,Mass action (irreversible)
458,Ca binding to CamR_Ca3_ABD_CaMKIIp site C,CamR_Ca3_ABD_CaMKIIp + Ca -> CamR_Ca4_ABCD_CaMKIIp,Mass action (irreversible)
459,Ca binding to CamR_Ca3_ABC_CaMKIIp site D,CamR_Ca3_ABC_CaMKIIp + Ca -> CamR_Ca4_ABCD_CaMKIIp,Mass action (irreversible)
460,Ca dissociating from CamR_Ca4_ABCD_CaMKIIp site A,CamR_Ca4_ABCD_CaMKIIp -> CamR_Ca3_BCD_CaMKIIp + Ca,Mass action (irreversible)
461,Ca dissociating from CamR_Ca4_ABCD_CaMKIIp site B,CamR_Ca4_ABCD_CaMKIIp -> CamR_Ca3_ACD_CaMKIIp + Ca,Mass action (irreversible)
462,Ca dissociating from CamR_Ca4_ABCD_CaMKIIp site C,CamR_Ca4_ABCD_CaMKIIp -> CamR_Ca3_ABD_CaMKIIp + Ca,Mass action (irreversible)
463,Ca dissociating from CamR_Ca4_ABCD_CaMKIIp site D,CamR_Ca4_ABCD_CaMKIIp -> CamR_Ca3_ABC_CaMKIIp + Ca,Mass action (irreversible)
464,D binding to PKA,D + PKA -> D_PKA,Mass action (irreversible)
465,D dissociating from D_PKA,D_PKA -> D + PKA,Mass action (irreversible)
466,Dp dissociating from D_PKA,D_PKA -> Dp + PKA,Mass action (irreversible)
467,Dp binding to CamR_PP2B,Dp + CamR_PP2B -> Dp_CamR_PP2B,Mass action (irreversible)
468,Dp dissociating from Dp_CamR_PP2B,Dp_CamR_PP2B -> Dp + CamR_PP2B,Mass action (irreversible)
469,D dissociating from Dp_CamR_PP2B,Dp_CamR_PP2B -> D + CamR_PP2B,Mass action (irreversible)
470,Dp binding to CamR_Ca1_A_PP2B,Dp + CamR_Ca1_A_PP2B -> Dp_CamR_Ca1_A_PP2B,Mass action (irreversible)
471,Dp dissociating from Dp_CamR_Ca1_A_PP2B,Dp_CamR_Ca1_A_PP2B -> Dp + CamR_Ca1_A_PP2B,Mass action (irreversible)
472,D dissociating from Dp_CamR_Ca1_A_PP2B,Dp_CamR_Ca1_A_PP2B -> D + CamR_Ca1_A_PP2B,Mass action (irreversible)
473,Dp binding to CamR_Ca1_B_PP2B,Dp + CamR_Ca1_B_PP2B -> Dp_CamR_Ca1_B_PP2B,Mass action (irreversible)
474,Dp dissociating from Dp_CamR_Ca1_B_PP2B,Dp_CamR_Ca1_B_PP2B -> Dp + CamR_Ca1_B_PP2B,Mass action (irreversible)
475,D dissociating from Dp_CamR_Ca1_B_PP2B,Dp_CamR_Ca1_B_PP2B -> D + CamR_Ca1_B_PP2B,Mass action (irreversible)
476,Dp binding to CamR_Ca1_C_PP2B,Dp + CamR_Ca1_C_PP2B -> Dp_CamR_Ca1_C_PP2B,Mass action (irreversible)
477,Dp dissociating from Dp_CamR_Ca1_C_PP2B,Dp_CamR_Ca1_C_PP2B -> Dp + CamR_Ca1_C_PP2B,Mass action (irreversible)
478,D dissociating from Dp_CamR_Ca1_C_PP2B,Dp_CamR_Ca1_C_PP2B -> D + CamR_Ca1_C_PP2B,Mass action (irreversible)
479,Dp binding to CamR_Ca1_D_PP2B,Dp + CamR_Ca1_D_PP2B -> Dp_CamR_Ca1_D_PP2B,Mass action (irreversible)
480,Dp dissociating from Dp_CamR_Ca1_D_PP2B,Dp_CamR_Ca1_D_PP2B -> Dp + CamR_Ca1_D_PP2B,Mass action (irreversible)
481,D dissociating from Dp_CamR_Ca1_D_PP2B,Dp_CamR_Ca1_D_PP2B -> D + CamR_Ca1_D_PP2B,Mass action (irreversible)
482,Dp binding to CamR_Ca2_AB_PP2B,Dp + CamR_Ca2_AB_PP2B -> Dp_CamR_Ca2_AB_PP2B,Mass action (irreversible)
483,Dp dissociating from Dp_CamR_Ca2_AB_PP2B,Dp_CamR_Ca2_AB_PP2B -> Dp + CamR_Ca2_AB_PP2B,Mass action (irreversible)
484,D dissociating from Dp_CamR_Ca2_AB_PP2B,Dp_CamR_Ca2_AB_PP2B -> D + CamR_Ca2_AB_PP2B,Mass action (irreversible)
485,Dp binding to CamR_Ca2_AC_PP2B,Dp + CamR_Ca2_AC_PP2B -> Dp_CamR_Ca2_AC_PP2B,Mass action (irreversible)
486,Dp dissociating from Dp_CamR_Ca2_AC_PP2B,Dp_CamR_Ca2_AC_PP2B -> Dp + CamR_Ca2_AC_PP2B,Mass action (irreversible)
487,D dissociating from Dp_CamR_Ca2_AC_PP2B,Dp_CamR_Ca2_AC_PP2B -> D + CamR_Ca2_AC_PP2B,Mass action (irreversible)
488,Dp binding to CamR_Ca2_AD_PP2B,Dp + CamR_Ca2_AD_PP2B -> Dp_CamR_Ca2_AD_PP2B,Mass action (irreversible)
489,Dp dissociating from Dp_CamR_Ca2_AD_PP2B,Dp_CamR_Ca2_AD_PP2B -> Dp + CamR_Ca2_AD_PP2B,Mass action (irreversible)
490,D dissociating from Dp_CamR_Ca2_AD_PP2B,Dp_CamR_Ca2_AD_PP2B -> D + CamR_Ca2_AD_PP2B,Mass action (irreversible)
491,Dp binding to CamR_Ca2_BC_PP2B,Dp + CamR_Ca2_BC_PP2B -> Dp_CamR_Ca2_BC_PP2B,Mass action (irreversible)
492,Dp dissociating from Dp_CamR_Ca2_BC_PP2B,Dp_CamR_Ca2_BC_PP2B -> Dp + CamR_Ca2_BC_PP2B,Mass action (irreversible)
493,D dissociating from Dp_CamR_Ca2_BC_PP2B,Dp_CamR_Ca2_BC_PP2B -> D + CamR_Ca2_BC_PP2B,Mass action (irreversible)
494,Dp binding to CamR_Ca2_BD_PP2B,Dp + CamR_Ca2_BD_PP2B -> Dp_CamR_Ca2_BD_PP2B,Mass action (irreversible)
495,Dp dissociating from Dp_CamR_Ca2_BD_PP2B,Dp_CamR_Ca2_BD_PP2B -> Dp + CamR_Ca2_BD_PP2B,Mass action (irreversible)
496,D dissociating from Dp_CamR_Ca2_BD_PP2B,Dp_CamR_Ca2_BD_PP2B -> D + CamR_Ca2_BD_PP2B,Mass action (irreversible)
497,Dp binding to CamR_Ca2_CD_PP2B,Dp + CamR_Ca2_CD_PP2B -> Dp_CamR_Ca2_CD_PP2B,Mass action (irreversible)
498,Dp dissociating from Dp_CamR_Ca2_CD_PP2B,Dp_CamR_Ca2_CD_PP2B -> Dp + CamR_Ca2_CD_PP2B,Mass action (irreversible)
499,D dissociating from Dp_CamR_Ca2_CD_PP2B,Dp_CamR_Ca2_CD_PP2B -> D + CamR_Ca2_CD_PP2B,Mass action (irreversible)
500,Dp binding to CamR_Ca3_ABC_PP2B,Dp + CamR_Ca3_ABC_PP2B -> Dp_CamR_Ca3_ABC_PP2B,Mass action (irreversible)
501,Dp dissociating from Dp_CamR_Ca3_ABC_PP2B,Dp_CamR_Ca3_ABC_PP2B -> Dp + CamR_Ca3_ABC_PP2B,Mass action (irreversible)
502,D dissociating from Dp_CamR_Ca3_ABC_PP2B,Dp_CamR_Ca3_ABC_PP2B -> D + CamR_Ca3_ABC_PP2B,Mass action (irreversible)
503,Dp binding to CamR_Ca3_ABD_PP2B,Dp + CamR_Ca3_ABD_PP2B -> Dp_CamR_Ca3_ABD_PP2B,Mass action (irreversible)
504,Dp dissociating from Dp_CamR_Ca3_ABD_PP2B,Dp_CamR_Ca3_ABD_PP2B -> Dp + CamR_Ca3_ABD_PP2B,Mass action (irreversible)
505,D dissociating from Dp_CamR_Ca3_ABD_PP2B,Dp_CamR_Ca3_ABD_PP2B -> D + CamR_Ca3_ABD_PP2B,Mass action (irreversible)
506,Dp binding to CamR_Ca3_ACD_PP2B,Dp + CamR_Ca3_ACD_PP2B -> Dp_CamR_Ca3_ACD_PP2B,Mass action (irreversible)
507,Dp dissociating from Dp_CamR_Ca3_ACD_PP2B,Dp_CamR_Ca3_ACD_PP2B -> Dp + CamR_Ca3_ACD_PP2B,Mass action (irreversible)
508,D dissociating from Dp_CamR_Ca3_ACD_PP2B,Dp_CamR_Ca3_ACD_PP2B -> D + CamR_Ca3_ACD_PP2B,Mass action (irreversible)
509,Dp binding to CamR_Ca3_BCD_PP2B,Dp + CamR_Ca3_BCD_PP2B -> Dp_CamR_Ca3_BCD_PP2B,Mass action (irreversible)
510,Dp dissociating from Dp_CamR_Ca3_BCD_PP2B,Dp_CamR_Ca3_BCD_PP2B -> Dp + CamR_Ca3_BCD_PP2B,Mass action (irreversible)
511,D dissociating from Dp_CamR_Ca3_BCD_PP2B,Dp_CamR_Ca3_BCD_PP2B -> D + CamR_Ca3_BCD_PP2B,Mass action (irreversible)
512,Dp binding to CamR_Ca4_ABCD_PP2B,Dp + CamR_Ca4_ABCD_PP2B -> Dp_CamR_Ca4_ABCD_PP2B,Mass action (irreversible)
513,Dp dissociating from Dp_CamR_Ca4_ABCD_PP2B,Dp_CamR_Ca4_ABCD_PP2B -> Dp + CamR_Ca4_ABCD_PP2B,Mass action (irreversible)
514,D dissociating from Dp_CamR_Ca4_ABCD_PP2B,Dp_CamR_Ca4_ABCD_PP2B -> D + CamR_Ca4_ABCD_PP2B,Mass action (irreversible)
515,Dp binding to PP1a,PP1a + Dp -> PP1a_Dp,Mass action (irreversible)
516,Dp dissociating from PP1a,PP1a_Dp -> PP1a + Dp,Mass action (irreversible)
517,CaMKIIp binding to PP1a,CaMKIIp + PP1a -> CaMKIIp_PP1a,Mass action (irreversible)
518,CaMKIIp dissociating from CaMKIIp_PP1a,CaMKIIp_PP1a -> CaMKIIp + PP1a,Mass action (irreversible)
519,CaMKII dissociating from CaMKIIp_PP1a,CaMKIIp_PP1a -> CaMKII + PP1a,Mass action (irreversible)
520,CamR_CaMKIIp binding to PP1a,CamR_CaMKIIp + PP1a -> CamR_CaMKIIp_PP1a,Mass action (irreversible)
521,CamR_CaMKIIp dissociating from CamR_CaMKIIp_PP1a,CamR_CaMKIIp_PP1a -> CamR_CaMKIIp + PP1a,Mass action (irreversible)
522,CamR_CaMKII dissociating from CamR_CaMKIIp_PP1a,CamR_CaMKIIp_PP1a -> CamR_CaMKII + PP1a,Mass action (irreversible)
523,CamR_Ca1_A_CaMKIIp binding to PP1a,CamR_Ca1_A_CaMKIIp + PP1a -> CamR_Ca1_A_CaMKIIp_PP1a,Mass action (irreversible)
524,CamR_Ca1_A_CaMKIIp dissociating from CamR_Ca1_A_CaMKIIp_PP1a,CamR_Ca1_A_CaMKIIp_PP1a -> CamR_Ca1_A_CaMKIIp + PP1a,Mass action (irreversible)
525,CamR_Ca1_A_CaMKII dissociating from CamR_Ca1_A_CaMKIIp_PP1a,CamR_Ca1_A_CaMKIIp_PP1a -> CamR_Ca1_A_CaMKII + PP1a,Mass action (irreversible)
526,CamR_Ca1_B_CaMKIIp binding to PP1a,CamR_Ca1_B_CaMKIIp + PP1a -> CamR_Ca1_B_CaMKIIp_PP1a,Mass action (irreversible)
527,CamR_Ca1_B_CaMKIIp dissociating from CamR_Ca1_B_CaMKIIp_PP1a,CamR_Ca1_B_CaMKIIp_PP1a -> CamR_Ca1_B_CaMKIIp + PP1a,Mass action (irreversible)
528,CamR_Ca1_B_CaMKII dissociating from CamR_Ca1_B_CaMKIIp_PP1a,CamR_Ca1_B_CaMKIIp_PP1a -> CamR_Ca1_B_CaMKII + PP1a,Mass action (irreversible)
529,CamR_Ca1_C_CaMKIIp binding to PP1a,CamR_Ca1_C_CaMKIIp + PP1a -> CamR_Ca1_C_CaMKIIp_PP1a,Mass action (irreversible)
530,CamR_Ca1_C_CaMKIIp dissociating from CamR_Ca1_C_CaMKIIp_PP1a,CamR_Ca1_C_CaMKIIp_PP1a -> CamR_Ca1_C_CaMKIIp + PP1a,Mass action (irreversible)
531,CamR_Ca1_C_CaMKII dissociating from CamR_Ca1_C_CaMKIIp_PP1a,CamR_Ca1_C_CaMKIIp_PP1a -> CamR_Ca1_C_CaMKII + PP1a,Mass action (irreversible)
532,CamR_Ca1_D_CaMKIIp binding to PP1a,CamR_Ca1_D_CaMKIIp + PP1a -> CamR_Ca1_D_CaMKIIp_PP1a,Mass action (irreversible)
533,CamR_Ca1_D_CaMKIIp dissociating from CamR_Ca1_D_CaMKIIp_PP1a,CamR_Ca1_D_CaMKIIp_PP1a -> CamR_Ca1_D_CaMKIIp + PP1a,Mass action (irreversible)
534,CamR_Ca1_D_CaMKII dissociating from CamR_Ca1_D_CaMKIIp_PP1a,CamR_Ca1_D_CaMKIIp_PP1a -> CamR_Ca1_D_CaMKII + PP1a,Mass action (irreversible)
535,CamR_Ca2_AB_CaMKIIp binding to PP1a,CamR_Ca2_AB_CaMKIIp + PP1a -> CamR_Ca2_AB_CaMKIIp_PP1a,Mass action (irreversible)
536,CamR_Ca2_AB_CaMKIIp dissociating from CamR_Ca2_AB_CaMKIIp_PP1a,CamR_Ca2_AB_CaMKIIp_PP1a -> CamR_Ca2_AB_CaMKIIp + PP1a,Mass action (irreversible)
537,CamR_Ca2_AB_CaMKII dissociating from CamR_Ca2_AB_CaMKIIp_PP1a,CamR_Ca2_AB_CaMKIIp_PP1a -> CamR_Ca2_AB_CaMKII + PP1a,Mass action (irreversible)
538,CamR_Ca2_AC_CaMKIIp binding to PP1a,CamR_Ca2_AC_CaMKIIp + PP1a -> CamR_Ca2_AC_CaMKIIp_PP1a,Mass action (irreversible)
539,CamR_Ca2_AC_CaMKIIp dissociating from CamR_Ca2_AC_CaMKIIp_PP1a,CamR_Ca2_AC_CaMKIIp_PP1a -> CamR_Ca2_AC_CaMKIIp + PP1a,Mass action (irreversible)
540,CamR_Ca2_AC_CaMKII dissociating from CamR_Ca2_AC_CaMKIIp_PP1a,CamR_Ca2_AC_CaMKIIp_PP1a -> CamR_Ca2_AC_CaMKII + PP1a,Mass action (irreversible)
541,CamR_Ca2_AD_CaMKIIp binding to PP1a,CamR_Ca2_AD_CaMKIIp + PP1a -> CamR_Ca2_AD_CaMKIIp_PP1a,Mass action (irreversible)
542,CamR_Ca2_AD_CaMKIIp dissociating from CamR_Ca2_AD_CaMKIIp_PP1a,CamR_Ca2_AD_CaMKIIp_PP1a -> CamR_Ca2_AD_CaMKIIp + PP1a,Mass action (irreversible)
543,CamR_Ca2_AD_CaMKII dissociating from CamR_Ca2_AD_CaMKIIp_PP1a,CamR_Ca2_AD_CaMKIIp_PP1a -> CamR_Ca2_AD_CaMKII + PP1a,Mass action (irreversible)
544,CamR_Ca2_BC_CaMKIIp binding to PP1a,CamR_Ca2_BC_CaMKIIp + PP1a -> CamR_Ca2_BC_CaMKIIp_PP1a,Mass action (irreversible)
545,CamR_Ca2_BC_CaMKIIp dissociating from CamR_Ca2_BC_CaMKIIp_PP1a,CamR_Ca2_BC_CaMKIIp_PP1a -> CamR_Ca2_BC_CaMKIIp + PP1a,Mass action (irreversible)
546,CamR_Ca2_BC_CaMKII dissociating from CamR_Ca2_BC_CaMKIIp_PP1a,CamR_Ca2_BC_CaMKIIp_PP1a -> CamR_Ca2_BC_CaMKII + PP1a,Mass action (irreversible)
547,CamR_Ca2_BD_CaMKIIp binding to PP1a,CamR_Ca2_BD_CaMKIIp + PP1a -> CamR_Ca2_BD_CaMKIIp_PP1a,Mass action (irreversible)
548,CamR_Ca2_BD_CaMKIIp dissociating from CamR_Ca2_BD_CaMKIIp_PP1a,CamR_Ca2_BD_CaMKIIp_PP1a -> CamR_Ca2_BD_CaMKIIp + PP1a,Mass action (irreversible)
549,CamR_Ca2_BD_CaMKII dissociating from CamR_Ca2_BD_CaMKIIp_PP1a,CamR_Ca2_BD_CaMKIIp_PP1a -> CamR_Ca2_BD_CaMKII + PP1a,Mass action (irreversible)
550,CamR_Ca2_CD_CaMKIIp binding to PP1a,CamR_Ca2_CD_CaMKIIp + PP1a -> CamR_Ca2_CD_CaMKIIp_PP1a,Mass action (irreversible)
551,CamR_Ca2_CD_CaMKIIp dissociating from CamR_Ca2_CD_CaMKIIp_PP1a,CamR_Ca2_CD_CaMKIIp_PP1a -> CamR_Ca2_CD_CaMKIIp + PP1a,Mass action (irreversible)
552,CamR_Ca2_CD_CaMKII dissociating from CamR_Ca2_CD_CaMKIIp_PP1a,CamR_Ca2_CD_CaMKIIp_PP1a -> CamR_Ca2_CD_CaMKII + PP1a,Mass action (irreversible)
553,CamR_Ca3_ABC_CaMKIIp binding to PP1a,CamR_Ca3_ABC_CaMKIIp + PP1a -> CamR_Ca3_ABC_CaMKIIp_PP1a,Mass action (irreversible)
554,CamR_Ca3_ABC_CaMKIIp dissociating from CamR_Ca3_ABC_CaMKIIp_PP1a,CamR_Ca3_ABC_CaMKIIp_PP1a -> CamR_Ca3_ABC_CaMKIIp + PP1a,Mass action (irreversible)
555,CamR_Ca3_ABC_CaMKII dissociating from CamR_Ca3_ABC_CaMKIIp_PP1a,CamR_Ca3_ABC_CaMKIIp_PP1a -> CamR_Ca3_ABC_CaMKII + PP1a,Mass action (irreversible)
556,CamR_Ca3_ABD_CaMKIIp binding to PP1a,CamR_Ca3_ABD_CaMKIIp + PP1a -> CamR_Ca3_ABD_CaMKIIp_PP1a,Mass action (irreversible)
557,CamR_Ca3_ABD_CaMKIIp dissociating from CamR_Ca3_ABD_CaMKIIp_PP1a,CamR_Ca3_ABD_CaMKIIp_PP1a -> CamR_Ca3_ABD_CaMKIIp + PP1a,Mass action (irreversible)
558,CamR_Ca3_ABD_CaMKII dissociating from CamR_Ca3_ABD_CaMKIIp_PP1a,CamR_Ca3_ABD_CaMKIIp_PP1a -> CamR_Ca3_ABD_CaMKII + PP1a,Mass action (irreversible)
559,CamR_Ca3_ACD_CaMKIIp binding to PP1a,CamR_Ca3_ACD_CaMKIIp + PP1a -> CamR_Ca3_ACD_CaMKIIp_PP1a,Mass action (irreversible)
560,CamR_Ca3_ACD_CaMKIIp dissociating from CamR_Ca3_ACD_CaMKIIp_PP1a,CamR_Ca3_ACD_CaMKIIp_PP1a -> CamR_Ca3_ACD_CaMKIIp + PP1a,Mass action (irreversible)
561,CamR_Ca3_ACD_CaMKII dissociating from CamR_Ca3_ACD_CaMKIIp_PP1a,CamR_Ca3_ACD_CaMKIIp_PP1a -> CamR_Ca3_ACD_CaMKII + PP1a,Mass action (irreversible)
562,CamR_Ca3_BCD_CaMKIIp binding to PP1a,CamR_Ca3_BCD_CaMKIIp + PP1a -> CamR_Ca3_BCD_CaMKIIp_PP1a,Mass action (irreversible)
563,CamR_Ca3_BCD_CaMKIIp dissociating from CamR_Ca3_BCD_CaMKIIp_PP1a,CamR_Ca3_BCD_CaMKIIp_PP1a -> CamR_Ca3_BCD_CaMKIIp + PP1a,Mass action (irreversible)
564,CamR_Ca3_BCD_CaMKII dissociating from CamR_Ca3_BCD_CaMKIIp_PP1a,CamR_Ca3_BCD_CaMKIIp_PP1a -> CamR_Ca3_BCD_CaMKII + PP1a,Mass action (irreversible)
565,CamR_Ca4_ABCD_CaMKIIp binding to PP1a,CamR_Ca4_ABCD_CaMKIIp + PP1a -> CamR_Ca4_ABCD_CaMKIIp_PP1a,Mass action (irreversible)
566,CamR_Ca4_ABCD_CaMKIIp dissociating from CamR_Ca4_ABCD_CaMKIIp_PP1a,CamR_Ca4_ABCD_CaMKIIp_PP1a -> CamR_Ca4_ABCD_CaMKIIp + PP1a,Mass action (irreversible)
567,CamR_Ca4_ABCD_CaMKII dissociating from CamR_Ca4_ABCD_CaMKIIp_PP1a,CamR_Ca4_ABCD_CaMKIIp_PP1a -> CamR_Ca4_ABCD_CaMKII + PP1a,Mass action (irreversible)
568,AMPAR Phosphorylation,AMPAR -> AMPAR_P,Mass action (irreversible)
569,AMPAR Dephosphorylation,AMPAR_P -> AMPAR,Mass action (irreversible)
570,PP2B binding to CamR_Ca2_AC,CamR_Ca2_AC + PP2B -> CamR_Ca2_AC_PP2B,Mass action (irreversible)
571,Ca binding to PP2Bi,PP2Bi + Ca -> PP2Bi_Ca1,Mass action (irreversible)
572,Ca binding to PP2Bi_Ca1,PP2Bi_Ca1 + Ca -> PP2Bi_Ca2,Mass action (irreversible)
573,Ca binding to PP2Bi_Ca2,PP2Bi_Ca2 + Ca -> PP2Bi_Ca3,Mass action (irreversible)
574,Ca binding to PP2Bi_Ca3,PP2Bi_Ca3 + Ca -> PP2B,Mass action (irreversible)
575,Ca dissociating from PP2Bi_Ca2,PP2Bi_Ca2 -> PP2Bi_Ca1 + Ca,Mass action (irreversible)
576,Ca dissociating from PP2Bi_Ca3,PP2Bi_Ca3 -> PP2Bi_Ca2 + Ca,Mass action (irreversible)
577,Ca dissociating from PP2B,PP2B -> PP2Bi_Ca3 + Ca,Mass action (irreversible)
578,Ca dissociating from PP2Bi_Ca1,PP2Bi_Ca1 -> PP2Bi + Ca,Mass action (irreversible)